-3.778057172894477844e-02,-8.016831427812576294e-02,8.321774005889892578e-02,6.995715945959091187e-02,7.457730770111083984e-01,-1.491363048553466797e-01,-3.388038277626037598e-01,-4.507510736584663391e-02,-3.346237838268280029e-01,-1.193580031394958496e-02,3.740409016609191895e-01,-4.699733555316925049e-01,-4.133421778678894043e-01,7.781201004981994629e-01,6.386617571115493774e-02,6.115418672561645508e-01,1.366747021675109863e-01,-1.999224722385406494e-01,1.100982576608657837e-01,2.118052691221237183e-01,2.495663315057754517e-01,-6.633093953132629395e-02,1.091424673795700073e-01,-2.923217415809631348e-01,-4.418660327792167664e-02,2.567591965198516846e-01,1.671029180288314819e-01,-2.867088317871093750e-01,-9.205403178930282593e-02,5.736061558127403259e-02,-3.738512471318244934e-02,-2.727185487747192383e-01,5.210318565368652344e-01,-1.603294610977172852e-01,-1.679267585277557373e-01,5.903329253196716309e-01,4.499014019966125488e-01,-1.990719884634017944e-01,-3.093877732753753662e-01,-7.740473747253417969e-02,-4.231262505054473877e-01,2.469866424798965454e-01,1.275179237127304077e-01,-5.212619900703430176e-01,-1.967140436172485352e-01,4.937428534030914307e-01,-1.818264722824096680e-01,-4.861150383949279785e-01,-5.844386816024780273e-01,-3.765379637479782104e-02,-3.635763749480247498e-02,-5.126322507858276367e-01,-4.067674577236175537e-01,-2.013580203056335449e-01,-9.064698964357376099e-02,9.713372588157653809e-02,3.408387601375579834e-01,-8.116933703422546387e-02,1.096291989088058472e-01,-2.506496757268905640e-02,2.538856267929077148e-01,-1.963128149509429932e-02,-8.209145744331181049e-05,5.319300889968872070e-01,-1.341572105884552002e-01,3.791896700859069824e-01,-1.085487678647041321e-01,2.293160557746887207e-01,-1.636514663696289062e-01,-1.786669492721557617e-01,2.234982252120971680e-01,-4.547120630741119385e-01,-1.458270698785781860e-01,-3.315468728542327881e-01,-1.334945261478424072e-01,-5.983280539512634277e-01,3.323439955711364746e-01,2.907741665840148926e-01,-5.771467685699462891e-01,6.591468453407287598e-01,4.783923923969268799e-02,5.426400303840637207e-01,9.233472496271133423e-02,-4.001564905047416687e-02,2.962723374366760254e-01,-2.959935367107391357e-01,1.566165238618850708e-01,9.463586658239364624e-02,-3.590703308582305908e-01,-2.575724124908447266e-01,1.863398998975753784e-01
-1.853188127279281616e-01,6.625135540962219238e-01,3.646014630794525146e-02,3.381860256195068359e-02,3.077049851417541504e-01,-2.181727886199951172e-01,-3.641366362571716309e-01,-2.534764409065246582e-01,-1.966286599636077881e-01,7.107959687709808350e-02,3.822694718837738037e-01,-1.019663363695144653e-02,2.974963784217834473e-01,3.225042223930358887e-01,2.799104154109954834e-01,8.852148801088333130e-02,6.189199909567832947e-02,-2.026876807212829590e-01,3.071022629737854004e-01,-7.493900507688522339e-02,-1.036026552319526672e-01,-3.087221384048461914e-01,-3.362823724746704102e-01,-4.386214315891265869e-01,9.594768285751342773e-02,-4.092760756611824036e-02,-3.719251155853271484e-01,-4.195370972156524658e-01,1.358824223279953003e-01,-3.200834691524505615e-01,-1.363256424665451050e-01,-2.398583590984344482e-01,7.109891176223754883e-01,3.488112390041351318e-01,1.700749993324279785e-01,-1.329848915338516235e-01,1.153711155056953430e-01,-6.605209112167358398e-01,-1.364798843860626221e-01,-3.887166678905487061e-01,1.207452192902565002e-01,-1.419256776571273804e-01,-2.593461573123931885e-01,4.686347246170043945e-01,-2.621909976005554199e-01,-7.952398657798767090e-01,2.542227208614349365e-01,7.203835994005203247e-02,-1.407977044582366943e-01,-4.059021174907684326e-01,-4.800547063350677490e-01,1.061523407697677612e-01,1.384897157549858093e-02,-1.169124394655227661e-01,2.836604416370391846e-01,1.964447498321533203e-01,-1.260199211537837982e-02,3.942373394966125488e-02,-2.055884599685668945e-01,2.034100741147994995e-01,-5.675787329673767090e-01,-1.712986640632152557e-02,-6.227107644081115723e-01,1.085266247391700745e-01,3.129718601703643799e-01,1.697559654712677002e-02,-2.219000905752182007e-01,7.145383358001708984e-01,1.358580440282821655e-01,-2.034245729446411133e-01,2.231713235378265381e-01,3.384401202201843262e-01,-2.183151394128799438e-01,1.614910662174224854e-01,-6.535588204860687256e-02,2.264090329408645630e-01,-1.080742552876472473e-01,-3.803958594799041748e-01,3.332619071006774902e-01,6.068666651844978333e-02,4.148477017879486084e-01,-9.574151039123535156e-02,-4.736473560333251953e-01,-5.712565183639526367e-01,-9.514191746711730957e-02,3.593309596180915833e-02,2.689091563224792480e-01,4.792762696743011475e-01,7.365593314170837402e-01,-2.001858204603195190e-01,-3.837978094816207886e-02
-5.571470260620117188e-01,2.652220129966735840e-01,7.532065361738204956e-02,3.273847103118896484e-01,2.282418757677078247e-01,-1.024657278321683407e-03,1.236097663640975952e-01,-2.278310060501098633e-02,-5.041141510009765625e-01,2.096744254231452942e-02,-3.485368564724922180e-02,-2.787509001791477203e-02,-2.835263609886169434e-01,-4.803221225738525391e-01,-8.520842343568801880e-02,3.323736786842346191e-01,-2.342318892478942871e-01,1.351116299629211426e-01,-3.472853600978851318e-01,-1.703599691390991211e-01,-6.113731861114501953e-01,5.371213890612125397e-03,2.618589103221893311e-01,-4.871175289154052734e-01,-1.649815961718559265e-02,1.249617189168930054e-01,4.026233553886413574e-01,-4.087953269481658936e-01,2.427367866039276123e-01,-1.097057759761810303e-01,2.442913651466369629e-01,5.132239460945129395e-01,-4.412415623664855957e-02,-6.364105343818664551e-01,-3.943947255611419678e-01,-5.248239636421203613e-01,1.604817993938922882e-02,2.770532853901386261e-03,2.648856118321418762e-02,-4.224717244505882263e-02,-4.010141640901565552e-02,-7.083612084388732910e-01,3.065827786922454834e-01,-1.982858031988143921e-01,4.079747200012207031e-01,2.255037277936935425e-01,-1.489488035440444946e-01,-1.032455936074256897e-01,3.160452544689178467e-01,-3.177933692932128906e-01,-4.083825051784515381e-01,4.395481050014495850e-01,1.359355598688125610e-01,1.504594087600708008e-01,1.148516535758972168e-01,-3.022044897079467773e-01,1.151636317372322083e-01,-2.010412365198135376e-01,-7.164403051137924194e-02,5.314447730779647827e-02,-1.809234917163848877e-01,7.532027363777160645e-02,-1.185687631368637085e-01,-3.695245832204818726e-02,2.462636232376098633e-01,5.046937465667724609e-01,9.754845499992370605e-02,3.426816761493682861e-01,-4.947096481919288635e-02,-2.383488863706588745e-01,2.536543309688568115e-01,-1.205282136797904968e-01,-1.494961380958557129e-01,-1.320092380046844482e-02,-2.192317992448806763e-01,3.100950419902801514e-01,7.625529170036315918e-02,-3.906012773513793945e-01,-1.909175068140029907e-01,-6.074841022491455078e-01,-3.414465487003326416e-01,-2.177550792694091797e-01,-9.371727108955383301e-01,2.995662391185760498e-01,7.084240019321441650e-02,-3.628065288066864014e-01,-3.221613466739654541e-01,-2.970643639564514160e-01,-3.721100091934204102e-01,2.784483693540096283e-02,-4.033265635371208191e-03
2.934277430176734924e-02,5.491929054260253906e-01,2.658400237560272217e-01,-2.050996422767639160e-01,2.065089195966720581e-01,-5.794378370046615601e-02,2.066407799720764160e-01,-4.504501819610595703e-01,-9.526623040437698364e-02,-8.537391573190689087e-02,3.547748923301696777e-02,-7.428572773933410645e-01,-3.045028746128082275e-01,-2.049632519483566284e-01,5.252286791801452637e-01,-1.013066917657852173e-01,6.788488477468490601e-02,1.336807310581207275e-01,5.298457741737365723e-01,2.935641445219516754e-02,-2.963064908981323242e-01,2.346033975481987000e-02,2.091095410287380219e-02,-2.384706400334835052e-02,-3.252827525138854980e-01,2.725557684898376465e-01,2.223986834287643433e-01,7.303944230079650879e-02,2.320209145545959473e-01,6.403029561042785645e-01,-3.890659511089324951e-01,-2.604168951511383057e-01,-2.103635817766189575e-01,-3.210769966244697571e-02,-6.112767755985260010e-02,1.372599303722381592e-01,-1.445256918668746948e-01,1.853438317775726318e-01,2.062951475381851196e-01,5.450563877820968628e-02,-2.233725190162658691e-01,-5.206814780831336975e-02,-2.454278618097305298e-01,3.654241189360618591e-02,4.252569377422332764e-01,-1.697371453046798706e-01,7.908777147531509399e-02,-4.280940890312194824e-01,3.430989980697631836e-01,-3.157597407698631287e-02,2.232655733823776245e-01,3.661961257457733154e-01,5.267542600631713867e-02,3.327505290508270264e-01,-3.137885034084320068e-01,-5.654563903808593750e-01,1.560445278882980347e-01,1.392487343400716782e-02,-3.149244934320449829e-02,1.281590014696121216e-01,1.408354341983795166e-01,2.767789959907531738e-01,3.203588426113128662e-01,-1.031429320573806763e-01,4.256478250026702881e-01,-7.286863774061203003e-02,3.938874974846839905e-02,1.515185832977294922e-01,-7.168550044298171997e-02,-5.480928346514701843e-02,-4.488974809646606445e-02,2.365056797862052917e-02,-2.358884066343307495e-01,-4.903601706027984619e-01,7.379072252660989761e-03,1.834155470132827759e-01,-1.386085301637649536e-01,-9.329087287187576294e-02,3.655609488487243652e-01,1.643418073654174805e-01,-1.082416847348213196e-01,2.166275382041931152e-01,1.261563152074813843e-01,-1.503819972276687622e-01,1.716590374708175659e-01,-5.201981067657470703e-01,9.257499873638153076e-02,-1.829368025064468384e-01,5.235455036163330078e-01,2.886622250080108643e-01,1.474034339189529419e-01
4.185955226421356201e-01,-2.962537109851837158e-01,3.539231717586517334e-01,-5.230370163917541504e-01,4.329940974712371826e-01,1.305286437273025513e-01,-4.556311666965484619e-01,2.237825691699981689e-01,2.056923508644104004e-01,2.217424958944320679e-01,-3.666344881057739258e-01,3.743604123592376709e-01,1.681326478719711304e-01,2.548698186874389648e-01,6.601233482360839844e-01,8.682180196046829224e-03,1.745781302452087402e-01,-5.233520865440368652e-01,6.334105134010314941e-01,1.916496008634567261e-01,-1.607504934072494507e-01,2.838501930236816406e-01,2.041421383619308472e-01,-4.066591262817382812e-01,9.191243350505828857e-02,2.290351130068302155e-02,4.169537425041198730e-01,1.696091592311859131e-01,-2.245726138353347778e-01,-8.245884627103805542e-02,5.688790604472160339e-02,9.447251260280609131e-02,-2.862410843372344971e-01,-1.885992102324962616e-02,-1.236417051404714584e-02,7.226917743682861328e-01,-3.061731457710266113e-01,3.010897934436798096e-01,-1.121013052761554718e-02,4.087801873683929443e-01,-1.980642229318618774e-01,5.426850318908691406e-01,-9.559275954961776733e-02,3.056888580322265625e-01,8.535344153642654419e-02,2.317962050437927246e-01,2.251909524202346802e-01,4.658234715461730957e-01,-3.021492362022399902e-01,-4.300613105297088623e-01,-9.147074818611145020e-02,-3.936820104718208313e-02,-8.857321739196777344e-02,-6.926168203353881836e-01,-8.392132818698883057e-02,2.156933695077896118e-01,-1.990226358175277710e-01,8.963580429553985596e-02,1.475392878055572510e-01,1.978099793195724487e-01,1.390590220689773560e-01,-4.385678172111511230e-01,6.214166283607482910e-01,5.051012039184570312e-01,6.193391978740692139e-02,-4.541967511177062988e-01,-1.642502248287200928e-01,-4.537181258201599121e-01,-2.550050616264343262e-01,2.545104026794433594e-01,-5.108073726296424866e-02,3.044372797012329102e-01,3.274073898792266846e-01,3.752548694610595703e-01,1.427582949399948120e-01,3.014858961105346680e-01,-1.976268887519836426e-01,3.493417799472808838e-01,-2.211946062743663788e-02,4.221092537045478821e-02,-7.937278598546981812e-02,8.363565057516098022e-02,3.835452497005462646e-01,8.125598728656768799e-02,-2.311385869979858398e-01,4.650302529335021973e-01,4.452692866325378418e-01,6.677042841911315918e-01,2.207041680812835693e-01,2.559034824371337891e-01,1.296084523200988770e-01
-2.587593793869018555e-01,4.988951385021209717e-01,-2.127073407173156738e-01,5.774240195751190186e-02,-7.790227532386779785e-01,4.966476932168006897e-02,5.464551039040088654e-03,2.171096354722976685e-01,-2.331558763980865479e-01,-1.054779663681983948e-01,2.797420024871826172e-01,-5.345470309257507324e-01,-2.734969258308410645e-01,-1.008819341659545898e-01,3.196132481098175049e-01,-1.287099272012710571e-01,9.868562221527099609e-02,2.079401314258575439e-01,3.432991206645965576e-01,3.854501619935035706e-02,-1.906254738569259644e-01,-1.810732036828994751e-01,-4.211957156658172607e-01,3.403775393962860107e-01,2.234394252300262451e-01,-1.357041895389556885e-01,2.230604141950607300e-01,2.807327508926391602e-01,-3.312872052192687988e-01,2.165837585926055908e-02,-2.638511061668395996e-01,4.801373779773712158e-01,-6.943008303642272949e-01,-3.210483863949775696e-02,6.360343843698501587e-02,4.649845957756042480e-01,-2.434531003236770630e-01,-6.439564824104309082e-01,-3.886037319898605347e-02,-7.536201179027557373e-02,3.519153892993927002e-01,1.085264459252357483e-01,-3.694316148757934570e-01,-3.312823176383972168e-01,-2.593114078044891357e-01,-2.139041572809219360e-01,-1.718561351299285889e-01,-2.058635056018829346e-01,-1.045774817466735840e-01,1.237481925636529922e-02,-1.746498644351959229e-01,2.752217054367065430e-01,1.098781451582908630e-01,8.875364810228347778e-02,9.943979233503341675e-02,-2.817032635211944580e-01,-1.824364438652992249e-02,6.362798810005187988e-01,1.061378233134746552e-02,7.701998203992843628e-02,-8.105597645044326782e-02,-1.800797432661056519e-01,5.591737627983093262e-01,3.382375836372375488e-01,-1.850921511650085449e-01,-5.363767147064208984e-01,-9.386689960956573486e-02,-4.022637307643890381e-01,-1.104322150349617004e-01,-5.526632070541381836e-01,-7.905372977256774902e-01,2.436934225261211395e-02,3.416582345962524414e-01,-1.822107285261154175e-01,-2.418749034404754639e-01,-2.911842428147792816e-02,-1.515523344278335571e-01,2.904762029647827148e-01,-2.666822671890258789e-01,-6.735840439796447754e-02,-1.336918864399194717e-02,1.544608473777770996e-01,1.815177798271179199e-01,1.254699528217315674e-01,3.083396852016448975e-01,-2.882075011730194092e-01,1.156246066093444824e-01,-1.393366456031799316e-01,1.730684377253055573e-02,-3.618383780121803284e-02,-7.592865079641342163e-02
-2.163694649934768677e-01,-3.817301094532012939e-01,-1.827231198549270630e-01,8.357261307537555695e-03,5.614102482795715332e-01,2.597449421882629395e-01,-3.576424121856689453e-01,-5.461571216583251953e-01,-1.843987703323364258e-01,-2.092518806457519531e-01,-1.190850585699081421e-01,-2.606570720672607422e-02,-6.099873185157775879e-01,1.463949829339981079e-01,-1.823410689830780029e-01,-4.316694736480712891e-01,-5.752820372581481934e-01,-2.216686606407165527e-01,2.205352634191513062e-01,-3.085890114307403564e-01,4.571383297443389893e-01,-2.898918390274047852e-01,-2.044627070426940918e-01,2.426570057868957520e-01,2.984552979469299316e-01,-1.764172315597534180e-01,1.136576756834983826e-01,4.737835526466369629e-01,3.394770668819546700e-03,-3.002413511276245117e-01,-1.095331460237503052e-01,-3.286943212151527405e-02,2.649237215518951416e-02,5.952913314104080200e-02,2.994510810822248459e-03,-3.969344496726989746e-01,-2.345466986298561096e-02,2.219659537076950073e-01,4.905612468719482422e-01,2.597264014184474945e-02,9.925746917724609375e-02,-2.213627994060516357e-01,-8.831688761711120605e-02,1.533234268426895142e-01,4.114369153976440430e-01,-4.652454853057861328e-01,-2.604345679283142090e-01,-2.498022094368934631e-02,2.949917614459991455e-01,-4.115221202373504639e-01,-6.326830387115478516e-01,-6.043679118156433105e-01,-3.449250459671020508e-01,-1.111299023032188416e-01,3.672182559967041016e-01,2.633982002735137939e-01,-1.501707881689071655e-01,1.805486530065536499e-01,1.180746331810951233e-01,3.994003683328628540e-02,-4.519931077957153320e-01,6.576343774795532227e-01,5.045253634452819824e-01,-7.604172825813293457e-02,5.493546649813652039e-02,-3.398537635803222656e-01,4.526973664760589600e-01,2.746176421642303467e-01,1.658273786306381226e-01,4.993394613265991211e-01,-1.462846398353576660e-01,4.147802293300628662e-01,-2.496305108070373535e-01,-1.735613197088241577e-01,-3.309177756309509277e-01,-5.622997879981994629e-02,-2.713538706302642822e-01,-2.829125523567199707e-01,-6.952223181724548340e-01,8.512520790100097656e-02,1.426024436950683594e-01,-2.451794445514678955e-01,-1.070466265082359314e-01,2.084521353244781494e-01,4.362052381038665771e-01,-1.402121186256408691e-01,6.589096784591674805e-01,-1.510197222232818604e-01,2.046379297971725464e-01,-1.391722261905670166e-01,2.560314238071441650e-01
-1.074356064200401306e-01,-5.369758009910583496e-01,4.477198719978332520e-01,-3.113939762115478516e-01,4.284273087978363037e-01,-1.364264190196990967e-01,2.087255418300628662e-01,-2.409562468528747559e-01,1.803513802587985992e-02,-6.801573932170867920e-02,2.163242399692535400e-01,-1.866266280412673950e-01,-4.618811011314392090e-01,3.735150024294853210e-02,2.575130015611648560e-02,-7.151387631893157959e-02,-5.530776083469390869e-02,4.339033067226409912e-01,-1.452669850550591946e-03,-4.683038219809532166e-02,3.920296132564544678e-01,-9.974952787160873413e-03,-1.714308373630046844e-02,1.441839039325714111e-01,-3.484053611755371094e-01,9.920292347669601440e-02,7.232713103294372559e-01,-7.202646881341934204e-02,-1.498461663722991943e-01,1.350744217634201050e-01,-5.854620337486267090e-01,-1.016670092940330505e-01,6.731039285659790039e-01,4.803965687751770020e-01,2.954234927892684937e-02,-4.064283072948455811e-01,1.290992796421051025e-01,-1.282741874456405640e-02,-3.405019938945770264e-01,-3.505414351820945740e-02,-1.719683557748794556e-01,5.680210515856742859e-02,5.002740770578384399e-02,4.345088899135589600e-01,-9.895810484886169434e-02,3.055146932601928711e-01,8.114090561866760254e-02,2.616576552391052246e-01,1.628968715667724609e-01,-3.521898388862609863e-01,4.550988227128982544e-02,1.058481186628341675e-01,1.807427257299423218e-01,-1.078641265630722046e-01,1.154266577214002609e-02,-1.142610386013984680e-01,1.305913776159286499e-01,1.163519844412803650e-01,-5.453409552574157715e-01,3.661293163895606995e-02,3.056534230709075928e-01,1.066082641482353210e-01,9.793919324874877930e-02,3.394162952899932861e-01,3.886193335056304932e-01,-3.818976134061813354e-02,2.766589224338531494e-01,2.466885745525360107e-01,-1.756221652030944824e-01,-3.036522567272186279e-01,2.267135679721832275e-01,-1.985122710466384888e-01,8.874107897281646729e-02,-2.334639430046081543e-02,-7.570930719375610352e-01,2.537637650966644287e-01,3.795651495456695557e-01,-6.796057522296905518e-02,3.219031542539596558e-02,6.378058195114135742e-01,5.360849499702453613e-01,1.397727876901626587e-01,-1.629289835691452026e-01,-5.289209485054016113e-01,-2.243712842464447021e-01,-3.672719299793243408e-01,-2.189561724662780762e-01,-3.958725631237030029e-01,3.309780061244964600e-01,1.862616986036300659e-01,-2.288695424795150757e-01
-1.649878546595573425e-02,-2.295632064342498779e-01,-3.987558186054229736e-01,-1.490586996078491211e-01,-6.590778231620788574e-01,2.315626712515950203e-03,5.400215983390808105e-01,1.920928806066513062e-01,-1.422164440155029297e-01,3.365951031446456909e-02,-1.020952612161636353e-01,1.641609072685241699e-01,4.287205040454864502e-01,5.510570406913757324e-01,2.671841531991958618e-03,1.150325417518615723e+00,-3.137207329273223877e-01,2.640109062194824219e-01,-3.110110573470592499e-02,-3.714369833469390869e-01,5.095986723899841309e-01,-7.654504850506782532e-03,1.445681750774383545e-01,-1.230913922190666199e-01,-5.164708197116851807e-02,4.081671535968780518e-01,2.267301082611083984e-01,6.159963607788085938e-01,2.933717668056488037e-01,-1.110700249671936035e+00,-1.836648434400558472e-01,7.671202719211578369e-02,2.458223253488540649e-01,-7.913203239440917969e-01,-3.224058151245117188e-01,1.275116503238677979e-01,6.622211933135986328e-01,-7.448825985193252563e-02,-8.498974144458770752e-02,-3.495840728282928467e-01,-9.281163662672042847e-02,1.005073543637990952e-02,-2.865220606327056885e-01,-8.406025171279907227e-02,-4.042009711265563965e-01,1.462496817111968994e-01,-1.289589982479810715e-02,8.728157281875610352e-01,-3.744474947452545166e-01,-7.534852027893066406e-01,1.249373927712440491e-01,-2.078765630722045898e-01,-5.188202261924743652e-01,-2.068355120718479156e-02,1.384206265211105347e-01,-2.588063478469848633e-01,4.076164960861206055e-01,-7.233134508132934570e-01,1.853232234716415405e-01,-1.117095351219177246e-01,1.102365255355834961e-01,-1.000142544507980347e-01,8.959655165672302246e-01,-1.731064617633819580e-01,-2.536964714527130127e-01,-1.118969321250915527e-01,3.114950358867645264e-01,2.756055295467376709e-01,-1.902880333364009857e-02,-2.364207804203033447e-02,3.282752931118011475e-01,2.228223383426666260e-01,-3.459390699863433838e-01,6.309712771326303482e-04,-3.299781382083892822e-01,3.833311498165130615e-01,4.688072204589843750e-01,-6.009926795959472656e-01,2.003430426120758057e-01,5.469570159912109375e-01,-1.216955184936523438e-01,8.541131019592285156e-02,-1.368210613727569580e-01,4.244623780250549316e-01,-3.176978826522827148e-01,-1.293298304080963135e-01,-4.878301322460174561e-01,3.985772840678691864e-03,1.053800582885742188e-01,-1.073841676115989685e-01,4.154583513736724854e-01
-5.190392732620239258e-01,-6.676770746707916260e-02,1.710270494222640991e-01,2.468972951173782349e-01,-2.478046715259552002e-01,-3.642357140779495239e-02,-4.464443922042846680e-01,4.024664163589477539e-01,-4.772820770740509033e-01,7.120694033801555634e-03,1.125934347510337830e-01,-8.546693623065948486e-02,-5.851041674613952637e-01,-2.482392080128192902e-02,4.977077245712280273e-01,1.443185210227966309e-01,-4.166368246078491211e-01,1.507768332958221436e-01,7.123289108276367188e-01,7.806834578514099121e-02,4.472784698009490967e-01,-2.684181369841098785e-02,-3.826021850109100342e-01,2.814968228340148926e-01,4.104646667838096619e-02,2.110341638326644897e-01,-5.299904346466064453e-01,-3.134486377239227295e-01,4.206387102603912354e-01,-1.939920336008071899e-01,8.005958050489425659e-02,3.858388960361480713e-01,-6.383955478668212891e-01,-2.568170428276062012e-01,1.463540792465209961e-01,-3.844092488288879395e-01,2.668532431125640869e-01,-6.047739461064338684e-02,-4.663724005222320557e-01,7.315964996814727783e-02,-3.229900598526000977e-01,-9.531988203525543213e-02,1.629480272531509399e-01,-2.025999873876571655e-01,-2.296948283910751343e-01,3.236356079578399658e-01,-5.154569149017333984e-01,1.210133656859397888e-01,-4.567775502800941467e-02,-3.582176566123962402e-01,-2.902572043240070343e-02,-2.144652605056762695e-01,5.880624428391456604e-02,3.468089997768402100e-01,2.389757186174392700e-01,-7.037688493728637695e-01,-1.877515316009521484e-01,-2.244988679885864258e-01,1.437823474407196045e-01,4.752722755074501038e-02,5.691868066787719727e-01,1.247369572520256042e-01,-1.637092083692550659e-01,-4.699855148792266846e-01,2.447198480367660522e-01,-1.469691693782806396e-01,5.869138240814208984e-01,3.026095032691955566e-01,4.638941586017608643e-01,-1.457494199275970459e-01,4.196386039257049561e-02,-9.674558532424271107e-04,4.493131935596466064e-01,-4.865097999572753906e-01,-1.067804768681526184e-01,5.153609439730644226e-02,1.387425232678651810e-02,5.879100039601325989e-02,-2.511646747589111328e-01,-2.860636711120605469e-01,-4.910757839679718018e-01,-5.166654661297798157e-02,3.382226526737213135e-01,1.024654433131217957e-01,1.317280083894729614e-01,6.173544749617576599e-02,2.231002897024154663e-01,1.867979019880294800e-01,2.923953831195831299e-01,-4.591878354549407959e-01,-1.807365864515304565e-01
-8.727758377790451050e-02,2.030334807932376862e-02,-2.146647572517395020e-01,-6.748869270086288452e-02,-1.597886979579925537e-01,1.592830270528793335e-01,1.334056705236434937e-01,-1.359556466341018677e-01,5.527424439787864685e-02,1.190153062343597412e-01,-3.125728070735931396e-01,9.850374609231948853e-02,6.571773290634155273e-01,1.340404003858566284e-01,1.125050783157348633e-01,5.279051065444946289e-01,-1.792784780263900757e-01,1.265332847833633423e-01,1.805092394351959229e-01,1.092604324221611023e-01,3.938155472278594971e-01,6.779494285583496094e-01,1.365164220333099365e-01,-2.803495526313781738e-01,2.517298161983489990e-01,-4.030062556266784668e-01,1.544301956892013550e-01,-3.332331478595733643e-01,2.387338429689407349e-01,-4.957931861281394958e-02,-2.121937274932861328e-01,3.554307520389556885e-01,2.608627974987030029e-01,2.367837876081466675e-01,2.358686625957489014e-01,-8.003387600183486938e-02,3.471849858760833740e-01,-3.957557380199432373e-01,3.265072405338287354e-01,-4.656945168972015381e-01,-4.294379353523254395e-01,-3.816127181053161621e-01,4.679503440856933594e-01,-3.520284593105316162e-01,3.467372655868530273e-01,1.953785568475723267e-01,2.109994590282440186e-01,-2.312468290328979492e-01,1.860844492912292480e-01,1.632498502731323242e-01,-4.949769973754882812e-01,3.343655914068222046e-02,-4.059964120388031006e-01,-1.647759601473808289e-02,-3.429607450962066650e-01,5.701540708541870117e-01,1.865543425083160400e-01,-7.652666568756103516e-01,1.073194667696952820e-01,-1.890636831521987915e-01,-2.572066783905029297e-01,4.506780803203582764e-01,2.155321277678012848e-02,-2.046438306570053101e-01,-3.621362522244453430e-02,-1.758603751659393311e-01,-3.069244623184204102e-01,-1.927037686109542847e-01,-1.721727550029754639e-01,-2.179333567619323730e-01,5.995261669158935547e-01,-7.132408022880554199e-01,-4.030859172344207764e-01,1.396548300981521606e-01,-2.371034771203994751e-01,-1.806431859731674194e-01,4.113906919956207275e-01,5.335268378257751465e-01,-3.891492486000061035e-01,1.628728210926055908e-01,-2.286825627088546753e-01,2.811889946460723877e-01,-4.148933887481689453e-01,-2.396583259105682373e-01,1.515033692121505737e-01,2.106740623712539673e-01,-5.117115378379821777e-01,6.471106316894292831e-03,-2.576799690723419189e-01,-4.871068894863128662e-01,5.866644382476806641e-01
-5.130485445261001587e-02,1.045377086848020554e-02,1.161061823368072510e-01,8.142723143100738525e-02,-3.879709541797637939e-01,1.402842402458190918e-01,-2.498703449964523315e-01,-1.604248732328414917e-01,-2.938639521598815918e-01,1.928655505180358887e-01,-8.372621983289718628e-02,-3.506989777088165283e-02,-3.734777569770812988e-01,5.657593160867691040e-02,-3.694845139980316162e-01,6.634883284568786621e-01,-3.540160506963729858e-02,-1.606936901807785034e-01,-7.859883457422256470e-02,2.866161763668060303e-01,-2.997446954250335693e-01,-3.465070128440856934e-01,-2.506862878799438477e-01,2.055202126502990723e-01,3.735631704330444336e-02,-5.646021962165832520e-01,-1.150572896003723145e-01,1.227238848805427551e-01,2.513867318630218506e-01,2.272983938455581665e-01,-1.818362176418304443e-01,-1.880707889795303345e-01,1.475270688533782959e-01,3.298808634281158447e-01,5.886462330818176270e-01,-9.673877805471420288e-02,-2.815385460853576660e-01,3.021386861801147461e-01,-2.403394877910614014e-01,-3.680280968546867371e-02,3.328003585338592529e-01,-2.527531683444976807e-01,-2.448989003896713257e-01,-9.420288354158401489e-02,-7.532022148370742798e-02,3.185960054397583008e-01,-4.050389230251312256e-01,1.758807748556137085e-01,-1.445574462413787842e-01,-4.033573865890502930e-01,-6.237687468528747559e-01,-4.253757372498512268e-02,-7.275781631469726562e-01,1.711931675672531128e-01,-1.409601718187332153e-01,3.470147252082824707e-01,4.940296709537506104e-02,-3.381104469299316406e-01,-2.701157629489898682e-01,8.631306141614913940e-02,1.250539124011993408e-01,-2.701214253902435303e-01,-3.540467917919158936e-01,-2.385461330413818359e-01,2.684626877307891846e-01,-1.736509948968887329e-01,9.900872409343719482e-02,2.231888025999069214e-01,-3.690406382083892822e-01,-1.716954708099365234e-01,3.405906856060028076e-01,-1.185086145997047424e-01,-2.429432570934295654e-01,-1.726839542388916016e-01,-2.311337739229202271e-01,-5.163961052894592285e-01,-2.601092914119362831e-03,-1.888027936220169067e-01,1.313270479440689087e-01,-6.033311486244201660e-01,6.719088554382324219e-02,6.338616609573364258e-01,2.613845467567443848e-01,3.909217715263366699e-01,-2.166141420602798462e-01,-3.993248343467712402e-01,7.734708189964294434e-01,-1.912871152162551880e-01,-3.342991769313812256e-01,-2.749670445919036865e-01,2.995930612087249756e-01
-2.057269066572189331e-01,-2.119642794132232666e-01,-3.507229313254356384e-02,3.690761625766754150e-01,-2.587279677391052246e-01,-4.732839763164520264e-01,1.828127056360244751e-01,3.406534790992736816e-01,1.827004253864288330e-01,-3.062967061996459961e-01,2.842633426189422607e-01,9.667593054473400116e-03,-4.309585690498352051e-02,-3.430145084857940674e-01,5.726596713066101074e-01,-1.385008096694946289e-01,-2.582104802131652832e-01,2.744584530591964722e-02,3.865925073623657227e-01,1.735264062881469727e-02,-1.569619774818420410e-01,-3.331266343593597412e-01,5.311444401741027832e-01,3.976249098777770996e-01,1.587932184338569641e-02,-4.187995493412017822e-01,7.241840362548828125e-01,-7.726096082478761673e-03,-2.890221476554870605e-01,2.305887639522552490e-01,-3.490710258483886719e-02,2.119837701320648193e-02,4.518486261367797852e-01,1.959978044033050537e-02,-1.440320909023284912e-01,-5.683108232915401459e-03,4.774169027805328369e-01,2.868757816031575203e-03,-7.175071835517883301e-01,1.805812120437622070e-01,-3.254733383655548096e-01,1.169321015477180481e-01,-3.481980562210083008e-01,4.365986883640289307e-01,1.785684376955032349e-01,-2.492281198501586914e-01,3.570759296417236328e-01,1.441969871520996094e-01,3.365251123905181885e-01,-9.804800748825073242e-01,-2.232057899236679077e-01,-9.753981232643127441e-02,-3.576162457466125488e-01,2.896113693714141846e-02,2.035107165575027466e-01,-1.114033441990613937e-02,-6.586585640907287598e-01,-2.044012844562530518e-01,-9.652821719646453857e-02,6.982341408729553223e-02,-2.192509919404983521e-01,1.208771541714668274e-01,2.453909069299697876e-01,1.516671031713485718e-01,-1.267594099044799805e-01,1.923430860042572021e-01,2.760833501815795898e-01,-4.717430174350738525e-01,-9.096801280975341797e-02,4.012550711631774902e-01,-3.237708806991577148e-01,-2.426924854516983032e-01,-7.104240059852600098e-01,3.550813198089599609e-01,3.066589832305908203e-01,6.625326275825500488e-01,-2.401522397994995117e-01,-5.678952932357788086e-01,3.882983922958374023e-01,-4.222139418125152588e-01,-2.636115252971649170e-01,-2.440617084503173828e-01,-6.338039040565490723e-02,-4.206825196743011475e-01,-3.268070816993713379e-01,2.447699010372161865e-01,-3.696349561214447021e-01,7.097061872482299805e-01,2.598336935043334961e-01,-5.959988757967948914e-02,6.337124854326248169e-02
1.646058261394500732e-01,1.557611674070358276e-01,-1.455437988042831421e-01,-4.402075335383415222e-02,4.755672514438629150e-01,4.529937505722045898e-01,-2.300985753536224365e-01,1.554283052682876587e-01,9.818308055400848389e-02,4.373860657215118408e-01,5.040799379348754883e-01,5.423961281776428223e-01,2.681412100791931152e-01,-3.685728907585144043e-01,-1.660846918821334839e-02,-4.187435209751129150e-01,-1.110212206840515137e-01,-6.771219372749328613e-01,-1.917835175991058350e-01,1.205469891428947449e-01,-2.362670600414276123e-01,-4.111744463443756104e-01,-5.066387057304382324e-01,5.795445442199707031e-01,-4.778353869915008545e-01,2.076203376054763794e-02,-9.483306109905242920e-02,-2.983912229537963867e-01,1.259099096059799194e-01,-4.432578682899475098e-01,-1.498188674449920654e-01,1.907729506492614746e-01,3.476777970790863037e-01,-2.593612372875213623e-01,-1.253141313791275024e-01,-9.084382057189941406e-01,2.139153331518173218e-02,2.195655703544616699e-01,-1.810390651226043701e-01,2.155052870512008667e-01,-4.718999862670898438e-01,2.008779942989349365e-01,-1.621249020099639893e-01,-2.135015875101089478e-01,3.271329700946807861e-01,-2.856787443161010742e-01,1.248193085193634033e-01,-1.417583525180816650e-01,2.908222079277038574e-01,-2.544478978961706161e-03,3.852033913135528564e-01,-2.551738545298576355e-02,-1.660741269588470459e-01,5.376618355512619019e-02,-4.106901884078979492e-01,-3.853042125701904297e-01,5.174167156219482422e-01,3.924396336078643799e-01,1.580186747014522552e-02,1.909813582897186279e-01,2.935412153601646423e-02,8.739033341407775879e-02,-4.527890384197235107e-01,-8.552275598049163818e-02,-2.140765637159347534e-01,2.206162959337234497e-01,-5.129902362823486328e-01,9.042949974536895752e-02,-3.437867388129234314e-02,2.804369330406188965e-01,1.470838338136672974e-01,-1.157247498631477356e-01,-3.483066335320472717e-02,3.617535531520843506e-01,4.759057238698005676e-02,1.730092763900756836e-01,4.931117221713066101e-02,2.719607949256896973e-01,-1.200712472200393677e-02,-1.216629799455404282e-02,-7.502003014087677002e-02,1.872696876525878906e-01,1.325518488883972168e-01,-7.829276919364929199e-01,3.116623461246490479e-01,4.544822126626968384e-02,-6.861385107040405273e-01,-1.891754716634750366e-01,-1.339396089315414429e-01,-1.306170225143432617e-01,-3.297012150287628174e-01
2.465043663978576660e-01,-7.556089013814926147e-02,3.709831237792968750e-01,7.021398544311523438e-01,-1.712391525506973267e-01,4.011977016925811768e-01,3.985312581062316895e-01,-1.638175100088119507e-01,2.795859277248382568e-01,1.272738724946975708e-01,6.162864342331886292e-02,4.086508881300687790e-03,-1.589588373899459839e-01,-1.989918202161788940e-01,-5.844299867749214172e-02,-1.381827294826507568e-01,5.941416695713996887e-02,7.343260049819946289e-01,4.851353764533996582e-01,-1.697428822517395020e-01,6.560636311769485474e-02,-1.802525669336318970e-01,-2.439953684806823730e-01,-2.403099238872528076e-01,-2.521124482154846191e-02,-2.340107113122940063e-01,-4.669698327779769897e-02,7.640852779150009155e-02,1.017779633402824402e-01,1.306261122226715088e-01,-3.465273976325988770e-01,-6.280116438865661621e-01,-2.517017424106597900e-01,-5.004028677940368652e-01,-4.248723685741424561e-01,-1.627670973539352417e-01,1.699381023645401001e-01,3.879686295986175537e-01,5.103926658630371094e-01,6.370586752891540527e-01,7.110818475484848022e-02,-1.396072562783956528e-02,-1.185059070587158203e+00,4.207324981689453125e-01,-1.893581151962280273e-01,-3.623762726783752441e-01,-5.028358697891235352e-01,1.375705702230334282e-03,-2.393292933702468872e-01,-4.850546717643737793e-01,8.094692230224609375e-02,4.371547400951385498e-01,5.187968909740447998e-02,-4.660893380641937256e-01,-2.344921678304672241e-01,1.716231182217597961e-02,-1.145721524953842163e-01,4.587922096252441406e-01,-2.132514417171478271e-01,2.415996491909027100e-01,-1.175251752138137817e-01,-3.737544715404510498e-01,2.208848893642425537e-01,-2.058502286672592163e-01,6.230590343475341797e-01,-2.112654745578765869e-01,-1.721927337348461151e-02,1.846648380160331726e-02,-3.364218026399612427e-02,-1.585498154163360596e-01,1.231327131390571594e-01,2.114001214504241943e-01,2.273722290992736816e-01,2.704714536666870117e-01,2.785083651542663574e-01,-1.490979455411434174e-03,-4.778658598661422729e-02,-3.708042204380035400e-01,-8.946318179368972778e-02,1.559090912342071533e-01,-5.393944382667541504e-01,5.874861404299736023e-02,-4.335505887866020203e-02,3.117400705814361572e-01,2.304646968841552734e-01,-5.420305728912353516e-01,1.318231523036956787e-01,-4.323305189609527588e-01,1.174434795975685120e-01,-2.147210091352462769e-01,-2.885640859603881836e-01
-3.698865175247192383e-01,2.400974631309509277e-01,1.818362474441528320e-01,-5.757480263710021973e-01,-8.040596842765808105e-01,3.720123767852783203e-01,-1.478789001703262329e-01,-2.974891662597656250e-01,2.139293849468231201e-01,6.896511912345886230e-01,-3.214440494775772095e-02,1.969029009342193604e-01,8.952806890010833740e-02,6.505498886108398438e-01,1.514520496129989624e-01,5.358545780181884766e-01,-3.950961232185363770e-01,1.063949316740036011e-01,5.440703779458999634e-02,-6.682128906250000000e-01,2.541895210742950439e-01,1.627193689346313477e-01,6.779589653015136719e-01,2.312319166958332062e-02,1.902321279048919678e-01,-1.384082599543035030e-03,-1.195955500006675720e-01,-1.760432571172714233e-01,-2.771043479442596436e-01,-5.222991704940795898e-01,5.258436799049377441e-01,-4.603826999664306641e-01,-1.037762779742479324e-02,3.695681691169738770e-01,-2.031122148036956787e-01,1.018007099628448486e-01,-4.440194666385650635e-01,-3.686420023441314697e-01,-3.961430191993713379e-01,-5.923199653625488281e-01,-2.213542908430099487e-01,-6.169580817222595215e-01,3.740178793668746948e-02,-7.660558819770812988e-02,1.908738017082214355e-01,-1.404286711476743221e-03,1.334364712238311768e-01,1.824848204851150513e-01,-5.903279408812522888e-02,1.608027368783950806e-01,5.495122820138931274e-02,3.343329727649688721e-01,-6.876479089260101318e-02,-2.893916368484497070e-01,-2.629898786544799805e-01,3.947320282459259033e-01,1.530861109495162964e-01,1.627515107393264771e-01,1.460595130920410156e-01,2.062186002731323242e-01,-1.116862446069717407e-01,-1.222857087850570679e-01,-4.137773513793945312e-01,1.172338649630546570e-01,1.163533702492713928e-01,-4.619802162051200867e-02,1.871415227651596069e-01,4.005092680454254150e-01,-2.603403329849243164e-01,-4.406406283378601074e-01,1.509505212306976318e-01,-2.268702536821365356e-01,-2.144625224173069000e-02,1.953760981559753418e-01,2.343665808439254761e-01,-1.891136765480041504e-01,5.707426741719245911e-02,9.241829067468643188e-02,2.385486364364624023e-01,-1.164508461952209473e-01,-1.864215172827243805e-02,-1.225703433156013489e-01,-2.018486112356185913e-01,3.061831295490264893e-01,-1.079724133014678955e-01,-3.067421913146972656e-01,2.656552791595458984e-01,-1.633062511682510376e-01,8.822296559810638428e-02,-1.987878233194351196e-01,-8.532745391130447388e-02
-1.091121733188629150e-01,-4.737391471862792969e-01,-3.801386654376983643e-01,3.738788068294525146e-01,-2.357409596443176270e-01,4.971652328968048096e-01,4.368192553520202637e-01,-2.925736010074615479e-01,-1.740229576826095581e-01,-2.969577014446258545e-01,-1.465039104223251343e-01,-1.895825266838073730e-01,-2.368157356977462769e-01,6.282407045364379883e-01,3.431955575942993164e-01,3.356530070304870605e-01,3.315204083919525146e-01,-7.292579859495162964e-02,-3.862412869930267334e-01,4.027078747749328613e-01,-1.747399717569351196e-01,-1.646868437528610229e-01,-2.666358649730682373e-01,-2.439314574003219604e-01,-6.252025067806243896e-02,2.474734038114547729e-01,5.213616043329238892e-02,3.285398185253143311e-01,3.184646368026733398e-01,5.503397583961486816e-01,2.213616818189620972e-01,-3.025179505348205566e-01,-1.764865070581436157e-01,3.991079032421112061e-01,-2.193418741226196289e-01,6.919969618320465088e-02,-3.871984034776687622e-02,-3.178070187568664551e-01,8.748435229063034058e-02,4.023367539048194885e-02,-3.861608356237411499e-02,-4.242063462734222412e-01,1.015535145998001099e-01,-1.838156431913375854e-01,-2.920362055301666260e-01,-5.472025871276855469e-01,-1.149598285555839539e-01,4.690118730068206787e-01,-3.062407374382019043e-01,-8.996195346117019653e-02,1.097581088542938232e-01,-2.390644252300262451e-01,-4.436266720294952393e-01,-1.298715621232986450e-01,-6.960796117782592773e-01,5.560761317610740662e-03,6.383752226829528809e-01,4.677155986428260803e-02,-1.545419096946716309e-01,1.568615138530731201e-01,-4.212673306465148926e-01,-1.783976107835769653e-01,9.198053926229476929e-02,-1.480458956211805344e-02,-5.994060039520263672e-01,2.768622934818267822e-01,-1.050915196537971497e-01,4.113089144229888916e-01,2.852659672498703003e-02,-4.201488792896270752e-01,8.988019824028015137e-02,-8.943468332290649414e-02,-1.792784333229064941e-01,2.448682337999343872e-01,-1.131765991449356079e-01,-9.690894186496734619e-02,3.730644881725311279e-01,-1.625891625881195068e-01,2.157196402549743652e-02,-1.845347136259078979e-01,3.920377045869827271e-02,3.654300570487976074e-01,-1.159109771251678467e-01,3.579071164131164551e-02,4.117346405982971191e-01,-1.586379706859588623e-01,4.777570068836212158e-01,1.629243195056915283e-01,2.146835774183273315e-01,-1.798085519112646580e-03,-7.264231890439987183e-02
-6.260628998279571533e-02,-2.334151417016983032e-01,-1.455825380980968475e-02,-5.015394091606140137e-02,4.891752302646636963e-01,3.352451324462890625e-01,5.542659759521484375e-02,1.270751468837261200e-02,-1.648931801319122314e-01,-4.817127883434295654e-01,1.082341521978378296e-01,-1.019608750939369202e-01,-9.412866830825805664e-02,-3.952411562204360962e-02,1.768299341201782227e-01,4.891037046909332275e-01,-3.500212430953979492e-01,-2.814729325473308563e-02,-2.308454662561416626e-01,1.953365355730056763e-01,-1.527289003133773804e-01,1.498968005180358887e-01,-3.147236108779907227e-01,-1.193237900733947754e-01,4.677043557167053223e-01,-1.605496555566787720e-01,-3.117381632328033447e-01,3.508926033973693848e-01,5.353314280509948730e-01,-2.202293872833251953e-01,-1.063361465930938721e-01,2.237671762704849243e-01,-7.110205292701721191e-02,-1.503916829824447632e-02,-5.637850165367126465e-01,-1.475903689861297607e-01,5.091433525085449219e-01,-1.841986477375030518e-01,2.096887491643428802e-02,-6.192855834960937500e-01,4.044277071952819824e-01,-3.607806265354156494e-01,-1.029149442911148071e-01,1.034001410007476807e-01,-4.674901440739631653e-02,1.850380599498748779e-01,-2.411032319068908691e-01,-2.297584265470504761e-01,-6.031153798103332520e-01,1.671022921800613403e-01,-3.068324923515319824e-01,-1.495757102966308594e-01,4.291331768035888672e-01,5.468180030584335327e-02,-4.209031462669372559e-01,2.037655711174011230e-01,6.779857873916625977e-01,3.591717779636383057e-01,1.001357510685920715e-01,-4.676289260387420654e-01,4.174753427505493164e-01,-1.764552146196365356e-01,-3.209518492221832275e-01,5.506228208541870117e-01,-3.384872674942016602e-01,-2.581585645675659180e-01,7.517459988594055176e-02,1.481823921203613281e-01,1.850610673427581787e-01,4.314354658126831055e-01,1.703566312789916992e-01,-1.706875115633010864e-01,-1.734217107295989990e-01,4.704391583800315857e-02,4.190621972084045410e-01,-5.801934376358985901e-02,1.083157137036323547e-01,-1.878210604190826416e-01,1.000164225697517395e-01,-2.143816053867340088e-01,2.426734864711761475e-01,1.854661703109741211e-01,2.333626300096511841e-01,-7.873294875025749207e-03,-3.754574805498123169e-02,3.157765567302703857e-01,-4.076729118824005127e-01,-3.318133950233459473e-01,4.484625756740570068e-01,9.228475391864776611e-02,2.389369606971740723e-01
1.172963082790374756e-01,-4.871734678745269775e-01,3.165077269077301025e-01,-2.305248081684112549e-01,2.157375365495681763e-01,3.906763494014739990e-01,-5.381402000784873962e-02,1.104264184832572937e-01,-1.792574226856231689e-01,-5.482491850852966309e-02,1.686279326677322388e-01,6.234506145119667053e-02,-1.115562170743942261e-01,-4.925691187381744385e-01,2.861896753311157227e-01,-3.365856707096099854e-01,1.851896792650222778e-01,-1.696712225675582886e-01,4.490238130092620850e-01,8.532901847502216697e-05,-3.465962707996368408e-01,-1.288670599460601807e-01,-3.268338143825531006e-01,9.926944226026535034e-02,8.229320496320724487e-02,1.773222386837005615e-01,-1.226005144417285919e-02,6.126570105552673340e-01,3.597445189952850342e-01,-4.415622353553771973e-01,4.536206126213073730e-01,-4.094327390193939209e-01,-2.804141342639923096e-01,1.743431538343429565e-01,1.144445165991783142e-01,-1.863694936037063599e-01,-1.521845459938049316e-01,2.137111872434616089e-01,3.737335205078125000e-01,-2.016980797052383423e-01,-1.539537310600280762e-01,9.365321695804595947e-02,-1.114663928747177124e-01,-4.348046332597732544e-02,-8.177659511566162109e-01,2.797257900238037109e-01,1.926689147949218750e-01,-2.361568659543991089e-01,6.179066747426986694e-02,2.115894854068756104e-01,-7.456254959106445312e-02,-1.620777845382690430e-01,4.093058705329895020e-01,-5.984459519386291504e-01,2.055477797985076904e-01,4.968267306685447693e-02,7.192612886428833008e-01,-2.052860856056213379e-01,-3.038233816623687744e-01,-1.884735226631164551e-01,-8.395890891551971436e-02,-6.003429889678955078e-01,1.095886901021003723e-01,1.456342786550521851e-01,2.659691572189331055e-01,-1.503171920776367188e-01,9.481973946094512939e-02,7.778318226337432861e-02,3.389200866222381592e-01,1.782928109169006348e-01,-1.821274608373641968e-01,-7.406497001647949219e-02,-2.766596972942352295e-01,2.312552034854888916e-01,2.232197970151901245e-01,1.616797894239425659e-01,-1.143702492117881775e-01,4.378126263618469238e-01,-4.663873016834259033e-01,5.176710337400436401e-02,-2.865392863750457764e-01,-3.691467940807342529e-01,-1.485655922442674637e-02,1.580654680728912354e-01,-1.845065802335739136e-01,1.588344871997833252e-01,-1.041453927755355835e-01,7.295344024896621704e-02,-6.479002237319946289e-01,2.539097070693969727e-01,2.496290765702724457e-02
1.445250958204269409e-01,-6.266985833644866943e-02,-3.916464745998382568e-01,6.965996325016021729e-02,-9.936935268342494965e-03,-3.567660748958587646e-01,1.608748435974121094e-01,9.714759886264801025e-02,-1.485187262296676636e-01,-1.994673758745193481e-01,-5.447088479995727539e-01,5.979457497596740723e-01,6.898614168167114258e-01,-7.908919453620910645e-02,5.427101254463195801e-01,3.334924876689910889e-01,-1.007540374994277954e-01,1.839896738529205322e-01,2.508100867271423340e-01,2.550442814826965332e-01,-3.108791112899780273e-01,4.064374268054962158e-01,-3.364766016602516174e-02,-8.615063875913619995e-02,1.957950890064239502e-01,8.227356523275375366e-02,4.236527681350708008e-01,-2.770465314388275146e-01,2.333683073520660400e-01,1.761794537305831909e-01,7.797089964151382446e-02,-1.060499399900436401e-01,-3.073953650891780853e-02,7.818074226379394531e-01,2.049213796854019165e-01,5.882043242454528809e-01,-1.528602540493011475e-01,-4.528936445713043213e-01,-2.886982262134552002e-01,1.194048151373863220e-01,-1.409150958061218262e-01,5.603886023163795471e-02,3.468568325042724609e-01,-5.233969688415527344e-01,1.850819438695907593e-01,1.946197263896465302e-02,-3.310065567493438721e-01,-8.883856236934661865e-02,4.240318238735198975e-01,1.885043084621429443e-01,-3.354144990444183350e-01,2.564550936222076416e-01,-1.411434412002563477e-01,1.036114916205406189e-01,5.700384378433227539e-01,-9.964764863252639771e-02,-1.676721721887588501e-01,-7.463168352842330933e-02,-2.833390831947326660e-01,-1.627160459756851196e-01,-1.333740949630737305e-01,7.848165631294250488e-01,-3.401321470737457275e-01,1.612770706415176392e-01,1.507979929447174072e-01,3.681946992874145508e-01,1.403097957372665405e-01,-9.135575033724308014e-03,-3.951336443424224854e-01,5.700224637985229492e-01,-2.600357532501220703e-01,-4.429049789905548096e-02,-1.472360938787460327e-01,-6.553179025650024414e-02,-4.689640998840332031e-01,3.950174897909164429e-02,-4.667565822601318359e-01,1.869673281908035278e-02,4.546566605567932129e-01,1.719784736633300781e-01,5.877865478396415710e-02,2.007026821374893188e-01,-5.093974471092224121e-01,-2.959007322788238525e-01,3.425681889057159424e-01,2.454613521695137024e-02,-1.101063340902328491e-01,4.437106102705001831e-02,1.336088627576828003e-01,-2.368945330381393433e-01,1.576793342828750610e-01
7.632440328598022461e-02,-1.941739469766616821e-01,-1.859522610902786255e-01,-2.588816285133361816e-01,1.389822340570390224e-03,-2.914939820766448975e-01,1.849916279315948486e-01,-1.430917978286743164e-01,3.443019092082977295e-01,3.860762715339660645e-01,1.363818794488906860e-01,-3.834242820739746094e-01,1.087355390191078186e-01,-1.842216849327087402e-01,-4.993176162242889404e-01,-3.894582390785217285e-02,1.435488909482955933e-01,2.196920663118362427e-01,1.136844307184219360e-01,1.678368076682090759e-03,-5.510564520955085754e-02,2.755369842052459717e-01,3.720894157886505127e-01,-2.034077346324920654e-01,-3.808485567569732666e-01,-7.424661517143249512e-02,4.162165820598602295e-01,7.259913682937622070e-01,8.146205917000770569e-03,1.016258746385574341e-01,-4.945337772369384766e-03,-7.497047539800405502e-03,6.789110302925109863e-01,4.988981187343597412e-01,3.229610025882720947e-01,-2.803298830986022949e-02,6.592258065938949585e-02,-7.858057320117950439e-02,5.419360399246215820e-01,-1.284796893596649170e-01,3.060455322265625000e-01,-1.319085657596588135e-01,2.032894343137741089e-01,-3.694007992744445801e-01,-1.677561402320861816e-01,-1.041784882545471191e-01,-6.232742965221405029e-02,1.881171613931655884e-01,-1.000012755393981934e-01,-8.875940740108489990e-02,-3.414900600910186768e-01,7.905718684196472168e-02,3.874883055686950684e-01,-2.473495602607727051e-01,-5.459966883063316345e-02,1.669666320085525513e-01,1.864493638277053833e-01,-3.630563914775848389e-01,-7.930503040552139282e-02,1.289703547954559326e-01,-6.890839338302612305e-02,6.962905824184417725e-02,6.730160862207412720e-02,4.555950164794921875e-01,-7.772810757160186768e-02,-3.925021886825561523e-01,-2.015278302133083344e-02,1.805972903966903687e-01,2.794652990996837616e-02,-4.840572774410247803e-01,-1.064633727073669434e-01,4.991942346096038818e-01,-4.603587090969085693e-01,-4.263505935668945312e-01,4.214606806635856628e-02,-1.096406355500221252e-01,7.190737128257751465e-02,-3.715405762195587158e-01,-4.095943868160247803e-01,4.129487872123718262e-01,2.550848722457885742e-01,-2.207922190427780151e-01,-4.329594969749450684e-01,-7.545913755893707275e-02,-2.390382438898086548e-01,1.226117834448814392e-01,1.162831410765647888e-01,4.232193157076835632e-02,-1.410064846277236938e-01,3.454063460230827332e-02,3.775799870491027832e-01
-2.666672468185424805e-01,-2.456345595419406891e-02,-4.535602778196334839e-02,-1.026018485426902771e-01,-1.619206815958023071e-01,4.609255194664001465e-01,2.516114711761474609e-01,-2.537696957588195801e-01,1.725886613130569458e-01,-2.886936999857425690e-03,-9.057423472404479980e-02,-4.184724763035774231e-02,3.713187202811241150e-02,1.323966532945632935e-01,1.597063839435577393e-01,3.371808826923370361e-01,1.936978697776794434e-01,-1.884415596723556519e-01,2.176078706979751587e-01,-1.565442681312561035e-01,2.959017157554626465e-01,9.262130409479141235e-02,-1.419639289379119873e-01,3.113026916980743408e-01,2.173090726137161255e-01,-3.282883390784263611e-02,-8.106981962919235229e-02,2.136628329753875732e-01,-4.686208665370941162e-01,4.707240760326385498e-01,5.411227419972419739e-02,-8.981639891862869263e-02,-1.402812302112579346e-01,5.771734714508056641e-01,-4.016705453395843506e-01,-4.451418817043304443e-01,2.300168424844741821e-01,-7.543706297874450684e-01,1.678429245948791504e-01,3.380175530910491943e-01,-1.967034935951232910e-01,2.815142869949340820e-01,2.782853245735168457e-01,8.074961304664611816e-01,-9.230169653892517090e-02,-6.482230424880981445e-01,3.651693165302276611e-01,-2.852001488208770752e-01,-1.362902671098709106e-02,-3.681012690067291260e-01,2.895244359970092773e-01,4.113990366458892822e-01,-3.292470276355743408e-01,-4.930090010166168213e-01,-4.411891400814056396e-01,-2.254355996847152710e-01,-1.889090240001678467e-01,-9.252705425024032593e-02,-2.079923003911972046e-01,2.158476710319519043e-01,4.690995216369628906e-01,2.395965605974197388e-01,-4.043798148632049561e-01,-1.510430425405502319e-01,3.585056364536285400e-01,1.697694361209869385e-01,-1.113578677177429199e-01,4.374206960201263428e-01,1.004688218235969543e-01,-9.464170783758163452e-02,-3.638371527194976807e-01,-6.715422272682189941e-01,-7.906324863433837891e-01,-1.112638935446739197e-01,2.841239422559738159e-02,1.517056822776794434e-01,1.199375987052917480e-01,-1.604125485755503178e-03,4.049844145774841309e-01,8.419974707067012787e-03,-2.315771728754043579e-01,-3.055190443992614746e-01,-2.688028812408447266e-01,-3.875026106834411621e-01,-2.614310383796691895e-01,-1.055043339729309082e-01,-2.373561561107635498e-01,-8.524490147829055786e-02,9.069521911442279816e-03,-5.441868305206298828e-01,-4.595135524868965149e-02
