Epochs,d1,d2,d3,window,accuracy,normalizedError
500,1,1,1,2956,138.28614813821412,269.4565560736994
500,1,1,1,2905,17.598152484031324,45.27684617491862
500,1,1,1,2347,14.948057077849894,69.82800687158516
500,1,1,1,2298,22.773451812419538,56.18352321396609
500,1,1,2,2956,248.2058481107835,269.4565560736994
500,1,1,2,2905,35.09533663771274,45.27684617491862
500,1,1,2,2347,56.7643762886867,69.82800687158516
500,1,1,2,2298,44.7831111820972,56.18352321396609
500,1,1,4,2956,248.71911727034225,269.4565560736994
500,1,1,4,2905,35.20079251910681,45.27684617491862
500,1,1,4,2347,56.736975267224196,69.82800687158516
500,1,1,4,2298,45.10618496928636,56.18352321396609
500,1,1,8,2956,247.76905248597427,269.4565560736994
500,1,1,8,2905,36.0702367076299,45.27684617491862
500,1,1,8,2347,57.152591154180776,69.82800687158516
500,1,1,8,2298,45.95815285930407,56.18352321396609
500,1,2,1,2956,247.72679865747276,269.4565560736994
500,1,2,1,2905,34.53910557781565,45.27684617491862
500,1,2,1,2347,56.23314486097616,69.82800687158516
500,1,2,1,2298,44.27280539093453,56.18352321396609
500,1,2,2,2956,247.37816374495372,269.4565560736994
500,1,2,2,2905,34.791120732584154,45.27684617491862
500,1,2,2,2347,56.0956804534809,69.82800687158516
500,1,2,2,2298,44.533563285328995,56.18352321396609
500,1,2,4,2956,247.39294821680778,269.4565560736994
500,1,2,4,2905,34.68721333614148,45.27684617491862
500,1,2,4,2347,56.36807605489825,69.82800687158516
500,1,2,4,2298,44.30838054831824,56.18352321396609
500,1,2,8,2956,246.94882882808912,269.4565560736994
500,1,2,8,2905,34.46507491594416,45.27684617491862
500,1,2,8,2347,56.04532031417678,69.82800687158516
500,1,2,8,2298,44.022811906201824,56.18352321396609
500,1,4,1,2956,245.99479213823793,269.4565560736994
500,1,4,1,2905,34.57570463472046,45.27684617491862
500,1,4,1,2347,55.43737746455662,69.82800687158516
500,1,4,1,2298,44.1759876468432,56.18352321396609
500,1,4,2,2956,248.05123292373253,269.4565560736994
500,1,4,2,2905,35.198805798262136,45.27684617491862
500,1,4,2,2347,56.52618775920524,69.82800687158516
500,1,4,2,2298,44.881262875568,56.18352321396609
500,1,4,4,2956,246.85524035388846,269.4565560736994
500,1,4,4,2905,34.72182074233341,45.27684617491862
500,1,4,4,2347,55.902425376036284,69.82800687158516
500,1,4,4,2298,44.49254788813632,56.18352321396609
500,1,4,8,2956,248.93859727200086,269.4565560736994
500,1,4,8,2905,35.591081564071,45.27684617491862
500,1,4,8,2347,57.542629083932134,69.82800687158516
500,1,4,8,2298,45.49184793036576,56.18352321396609
500,1,8,1,2956,129.01657930103084,269.4565560736994
500,1,8,1,2905,15.935827539853973,45.27684617491862
500,1,8,1,2347,15.622633380170374,69.82800687158516
500,1,8,1,2298,22.18702507542647,56.18352321396609
500,1,8,2,2956,247.53250179803524,269.4565560736994
500,1,8,2,2905,35.00945334725141,45.27684617491862
500,1,8,2,2347,56.39774445401225,69.82800687158516
500,1,8,2,2298,44.56358911584568,56.18352321396609
500,1,8,4,2956,247.79812169850578,269.4565560736994
500,1,8,4,2905,34.785337961001815,45.27684617491862
500,1,8,4,2347,56.38634884829608,69.82800687158516
500,1,8,4,2298,44.69052563156899,56.18352321396609
500,1,8,8,2956,247.5926078034997,269.4565560736994
500,1,8,8,2905,34.842206990832786,45.27684617491862
500,1,8,8,2347,56.583909803840186,69.82800687158516
500,1,8,8,2298,44.491035401805824,56.18352321396609
500,2,1,1,2956,248.11189114123846,269.4565560736994
500,2,1,1,2905,34.77718278466356,45.27684617491862
500,2,1,1,2347,56.579062888216534,69.82800687158516
500,2,1,1,2298,44.57671224535517,56.18352321396609
500,2,1,2,2956,247.5317147214598,269.4565560736994
500,2,1,2,2905,34.80607278637241,45.27684617491862
500,2,1,2,2347,56.224107959772056,69.82800687158516
500,2,1,2,2298,44.62626244505593,56.18352321396609
500,2,1,4,2956,247.51020863725458,269.4565560736994
500,2,1,4,2905,35.19781930908503,45.27684617491862
500,2,1,4,2347,56.54294941601125,69.82800687158516
500,2,1,4,2298,44.8086228626865,56.18352321396609
500,2,1,8,2956,247.0381427401377,269.4565560736994
500,2,1,8,2905,35.068466616952605,45.27684617491862
500,2,1,8,2347,56.52780693677465,69.82800687158516
500,2,1,8,2298,44.66170146750885,56.18352321396609
500,2,2,1,2956,246.89171628700126,269.4565560736994
500,2,2,1,2905,34.566933052793814,45.27684617491862
500,2,2,1,2347,55.838979432955306,69.82800687158516
500,2,2,1,2298,44.20405458715535,56.18352321396609
500,2,2,2,2956,245.43703082096715,269.4565560736994
500,2,2,2,2905,34.10122402939681,45.27684617491862
500,2,2,2,2347,55.12830221733783,69.82800687158516
500,2,2,2,2298,43.669629208522736,56.18352321396609
500,2,2,4,2956,250.38246619919823,269.4565560736994
500,2,2,4,2905,35.340469564241396,45.27684617491862
500,2,2,4,2347,58.007178453174575,69.82800687158516
500,2,2,4,2298,45.27064808063804,56.18352321396609
500,2,2,8,2956,247.46405795892485,269.4565560736994
500,2,2,8,2905,34.960280201737575,45.27684617491862
500,2,2,8,2347,56.47684478951316,69.82800687158516
500,2,2,8,2298,44.666941429968915,56.18352321396609
500,2,4,1,2956,249.33066810547453,269.4565560736994
500,2,4,1,2905,35.52949200442552,45.27684617491862
500,2,4,1,2347,57.44822087131791,69.82800687158516
500,2,4,1,2298,45.390146636846104,56.18352321396609
500,2,4,2,2956,247.60681111208564,269.4565560736994
500,2,4,2,2905,35.3897518836886,45.27684617491862
500,2,4,2,2347,56.74938502081462,69.82800687158516
500,2,4,2,2298,45.25656353777566,56.18352321396609
500,2,4,4,2956,250.91474103653405,269.4565560736994
500,2,4,4,2905,36.45013881800811,45.27684617491862
500,2,4,4,2347,58.797252884274045,69.82800687158516
500,2,4,4,2298,46.52348220238591,56.18352321396609
500,2,4,8,2956,249.6479409785744,269.4565560736994
500,2,4,8,2905,35.43007204305694,45.27684617491862
500,2,4,8,2347,57.644629331541445,69.82800687158516
500,2,4,8,2298,45.31003707800586,56.18352321396609
500,2,8,1,2956,247.0240943449465,269.4565560736994
500,2,8,1,2905,34.811412416194976,45.27684617491862
500,2,8,1,2347,56.05319441382855,69.82800687158516
500,2,8,1,2298,44.62222783146736,56.18352321396609
500,2,8,2,2956,246.7284749652665,269.4565560736994
500,2,8,2,2905,34.42375032789853,45.27684617491862
500,2,8,2,2347,56.02230638125414,69.82800687158516
500,2,8,2,2298,43.871229653549975,56.18352321396609
500,2,8,4,2956,247.60720313838758,269.4565560736994
500,2,8,4,2905,34.73217686851149,45.27684617491862
500,2,8,4,2347,56.41049298706504,69.82800687158516
500,2,8,4,2298,44.41306732422679,56.18352321396609
500,2,8,8,2956,247.4554325547501,269.4565560736994
500,2,8,8,2905,35.25203534860712,45.27684617491862
500,2,8,8,2347,56.52570451411385,69.82800687158516
500,2,8,8,2298,44.930095044849054,56.18352321396609
500,4,1,1,2956,244.6540609115083,269.4565560736994
500,4,1,1,2905,33.80255738986488,45.27684617491862
500,4,1,1,2347,54.53622099611006,69.82800687158516
500,4,1,1,2298,43.1206729257526,56.18352321396609
500,4,1,2,2956,247.04646258672133,269.4565560736994
500,4,1,2,2905,34.90652717692226,45.27684617491862
500,4,1,2,2347,56.11853271578381,69.82800687158516
500,4,1,2,2298,44.69431008261331,56.18352321396609
500,4,1,4,2956,249.20733243391717,269.4565560736994
500,4,1,4,2905,35.5815473061693,45.27684617491862
500,4,1,4,2347,57.473497749147796,69.82800687158516
500,4,1,4,2298,45.380381347100794,56.18352321396609
500,4,1,8,2956,244.88068215933583,269.4565560736994
500,4,1,8,2905,35.30613234237531,45.27684617491862
500,4,1,8,2347,57.01457661962893,69.82800687158516
500,4,1,8,2298,45.1113933507979,56.18352321396609
500,4,2,1,2956,247.00607319941383,269.4565560736994
500,4,2,1,2905,34.9225955934033,45.27684617491862
500,4,2,1,2347,56.08994416158654,69.82800687158516
500,4,2,1,2298,44.55932506754325,56.18352321396609
500,4,2,2,2956,250.26505536340554,269.4565560736994
500,4,2,2,2905,35.649570804866286,45.27684617491862
500,4,2,2,2347,58.258761070802656,69.82800687158516
500,4,2,2,2298,45.61239692498873,56.18352321396609
500,4,2,4,2956,248.1345224474258,269.4565560736994
500,4,2,4,2905,35.50752710307835,45.27684617491862
500,4,2,4,2347,57.15078365802944,69.82800687158516
500,4,2,4,2298,45.33448044386308,56.18352321396609
500,4,2,8,2956,171.5910191001864,269.4565560736994
500,4,2,8,2905,25.24584143734878,45.27684617491862
500,4,2,8,2347,22.1926824747108,69.82800687158516
500,4,2,8,2298,31.05138704612773,56.18352321396609
500,4,4,1,2956,129.5855636016055,269.4565560736994
500,4,4,1,2905,18.413023985136594,45.27684617491862
500,4,4,1,2347,15.809855817016935,69.82800687158516
500,4,4,1,2298,23.053728314378535,56.18352321396609
500,4,4,2,2956,248.68514041079618,269.4565560736994
500,4,4,2,2905,35.12364625389495,45.27684617491862
500,4,4,2,2347,57.0159087853409,69.82800687158516
500,4,4,2,2298,44.9238384861228,56.18352321396609
500,4,4,4,2956,249.66219858075553,269.4565560736994
500,4,4,4,2905,36.00716934969084,45.27684617491862
500,4,4,4,2347,57.9327694522289,69.82800687158516
500,4,4,4,2298,45.86682705042097,56.18352321396609
500,4,4,8,2956,248.41516180494347,269.4565560736994
500,4,4,8,2905,35.51536423377747,45.27684617491862
500,4,4,8,2347,56.87731420407734,69.82800687158516
500,4,4,8,2298,45.23999117913775,56.18352321396609
500,4,8,1,2956,247.24769903131283,269.4565560736994
500,4,8,1,2905,34.83287953102649,45.27684617491862
500,4,8,1,2347,55.995796414222106,69.82800687158516
500,4,8,1,2298,44.686768397612745,56.18352321396609
500,4,8,2,2956,248.47851633619754,269.4565560736994
500,4,8,2,2905,34.79300701264847,45.27684617491862
500,4,8,2,2347,56.667917937821606,69.82800687158516
500,4,8,2,2298,44.58058827299463,56.18352321396609
500,4,8,4,2956,249.58784435757934,269.4565560736994
500,4,8,4,2905,35.49651187361781,45.27684617491862
500,4,8,4,2347,57.441454670540026,69.82800687158516
500,4,8,4,2298,45.37065876476784,56.18352321396609
500,4,8,8,2956,244.19095638095158,269.4565560736994
500,4,8,8,2905,33.649880151037834,45.27684617491862
500,4,8,8,2347,54.04881378061135,69.82800687158516
500,4,8,8,2298,43.14907230278756,56.18352321396609
500,8,1,1,2956,247.31796924325556,269.4565560736994
500,8,1,1,2905,34.49897827580372,45.27684617491862
500,8,1,1,2347,56.18493100200541,69.82800687158516
500,8,1,1,2298,44.00678944644212,56.18352321396609
500,8,1,2,2956,247.20468677812585,269.4565560736994
500,8,1,2,2905,34.91458362084574,45.27684617491862
500,8,1,2,2347,56.41846280699547,69.82800687158516
500,8,1,2,2298,44.55473256009281,56.18352321396609
500,8,1,4,2956,246.84007638977388,269.4565560736994
500,8,1,4,2905,34.89624963362732,45.27684617491862
500,8,1,4,2347,55.87201733505237,69.82800687158516
500,8,1,4,2298,44.66430595808152,56.18352321396609
500,8,1,8,2956,249.60930713618342,269.4565560736994
500,8,1,8,2905,35.646093587488494,45.27684617491862
500,8,1,8,2347,57.73027480898342,69.82800687158516
500,8,1,8,2298,45.3693211607008,56.18352321396609
500,8,2,1,2956,245.85102574514735,269.4565560736994
500,8,2,1,2905,34.65902804967399,45.27684617491862
500,8,2,1,2347,55.32210791205716,69.82800687158516
500,8,2,1,2298,44.171672124362026,56.18352321396609
500,8,2,2,2956,248.00813259577842,269.4565560736994
500,8,2,2,2905,35.12967188447126,45.27684617491862
500,8,2,2,2347,56.66494317727291,69.82800687158516
500,8,2,2,2298,44.71930183800278,56.18352321396609
500,8,2,4,2956,248.10908064519833,269.4565560736994
500,8,2,4,2905,35.02252309281675,45.27684617491862
500,8,2,4,2347,56.6802581386745,69.82800687158516
500,8,2,4,2298,44.840749984339205,56.18352321396609
500,8,2,8,2956,247.69819709568435,269.4565560736994
500,8,2,8,2905,35.03042583297606,45.27684617491862
500,8,2,8,2347,56.46190668279262,69.82800687158516
500,8,2,8,2298,44.86593730280409,56.18352321396609
500,8,4,1,2956,248.07946623673564,269.4565560736994
500,8,4,1,2905,35.19268448523134,45.27684617491862
500,8,4,1,2347,56.970678929016934,69.82800687158516
500,8,4,1,2298,44.822721868542395,56.18352321396609
500,8,4,2,2956,247.62300868313608,269.4565560736994
500,8,4,2,2905,35.17237197146073,45.27684617491862
500,8,4,2,2347,56.605519047607565,69.82800687158516
500,8,4,2,2298,44.94090302722635,56.18352321396609
500,8,4,4,2956,247.80878246128265,269.4565560736994
500,8,4,4,2905,34.603357208535435,45.27684617491862
500,8,4,4,2347,56.20676770939139,69.82800687158516
500,8,4,4,2298,44.311363052645675,56.18352321396609
500,8,4,8,2956,251.05153352803003,269.4565560736994
500,8,4,8,2905,36.05396213338107,45.27684617491862
500,8,4,8,2347,58.50902269651368,69.82800687158516
500,8,4,8,2298,46.00397692788349,56.18352321396609
500,8,8,1,2956,246.26619335541164,269.4565560736994
500,8,8,1,2905,34.75511006273968,45.27684617491862
500,8,8,1,2347,55.75422737755488,69.82800687158516
500,8,8,1,2298,44.42225935299921,56.18352321396609
500,8,8,2,2956,246.38467269712154,269.4565560736994
500,8,8,2,2905,34.442164141515676,45.27684617491862
500,8,8,2,2347,55.60511420218497,69.82800687158516
500,8,8,2,2298,44.05846044479684,56.18352321396609
500,8,8,4,2956,249.53352163656538,269.4565560736994
500,8,8,4,2905,36.125342823267104,45.27684617491862
500,8,8,4,2347,58.062962720141456,69.82800687158516
500,8,8,4,2298,45.7967569784079,56.18352321396609
500,8,8,8,2956,247.4778177063978,269.4565560736994
500,8,8,8,2905,35.08023178599006,45.27684617491862
500,8,8,8,2347,56.62506590080258,69.82800687158516
500,8,8,8,2298,44.68930533860475,56.18352321396609
1000,1,1,1,2956,251.03173296417674,269.4565560736994
1000,1,1,1,2905,36.28732145729997,45.27684617491862
1000,1,1,1,2347,58.95712296400595,69.82800687158516
1000,1,1,1,2298,46.33508256747128,56.18352321396609
1000,1,1,2,2956,249.04499530461106,269.4565560736994
1000,1,1,2,2905,35.346603983122876,45.27684617491862
1000,1,1,2,2347,57.12386935702472,69.82800687158516
1000,1,1,2,2298,45.207310682715786,56.18352321396609
1000,1,1,4,2956,247.95484396631198,269.4565560736994
1000,1,1,4,2905,35.34586275728273,45.27684617491862
1000,1,1,4,2347,56.76160402354881,69.82800687158516
1000,1,1,4,2298,45.077973788044496,56.18352321396609
1000,1,1,8,2956,251.47021181884787,269.4565560736994
1000,1,1,8,2905,36.53598987729158,45.27684617491862
1000,1,1,8,2347,59.05002529439532,69.82800687158516
1000,1,1,8,2298,46.577708644892425,56.18352321396609
1000,1,2,1,2956,248.35758939045635,269.4565560736994
1000,1,2,1,2905,34.84033420661569,45.27684617491862
1000,1,2,1,2347,56.598544354346124,69.82800687158516
1000,1,2,1,2298,44.78543815555762,56.18352321396609
1000,1,2,2,2956,247.97396730138777,269.4565560736994
1000,1,2,2,2905,35.34426247805996,45.27684617491862
1000,1,2,2,2347,56.85373739766561,69.82800687158516
1000,1,2,2,2298,45.01752922922182,56.18352321396609
1000,1,2,4,2956,248.2583052440011,269.4565560736994
1000,1,2,4,2905,35.394149177776185,45.27684617491862
1000,1,2,4,2347,56.82223648923098,69.82800687158516
1000,1,2,4,2298,45.185412838292976,56.18352321396609
1000,1,2,8,2956,246.9861451899208,269.4565560736994
1000,1,2,8,2905,34.641632235385295,45.27684617491862
1000,1,2,8,2347,55.800148958331505,69.82800687158516
1000,1,2,8,2298,44.31336889060649,56.18352321396609
1000,1,4,1,2956,247.05379423451078,269.4565560736994
1000,1,4,1,2905,35.19492317727342,45.27684617491862
1000,1,4,1,2347,56.57180037202597,69.82800687158516
1000,1,4,1,2298,44.829769642568266,56.18352321396609
1000,1,4,2,2956,247.54418481967178,269.4565560736994
1000,1,4,2,2905,35.752290084623034,45.27684617491862
1000,1,4,2,2347,56.90551831788295,69.82800687158516
1000,1,4,2,2298,45.44199806055547,56.18352321396609
1000,1,4,4,2956,248.05615536632848,269.4565560736994
1000,1,4,4,2905,35.629168861740226,45.27684617491862
1000,1,4,4,2347,56.871299441401554,69.82800687158516
1000,1,4,4,2298,45.35879597743566,56.18352321396609
1000,1,4,8,2956,246.62735745312142,269.4565560736994
1000,1,4,8,2905,34.747119301931214,45.27684617491862
1000,1,4,8,2347,55.77291440175414,69.82800687158516
1000,1,4,8,2298,44.330442115384194,56.18352321396609
1000,1,8,1,2956,248.54512214253958,269.4565560736994
1000,1,8,1,2905,34.795069855587585,45.27684617491862
1000,1,8,1,2347,56.69312848033319,69.82800687158516
1000,1,8,1,2298,44.49109655080703,56.18352321396609
1000,1,8,2,2956,248.88310861591538,269.4565560736994
1000,1,8,2,2905,35.68215643839656,45.27684617491862
1000,1,8,2,2347,57.509309260823564,69.82800687158516
1000,1,8,2,2298,45.58613449032733,56.18352321396609
1000,1,8,4,2956,249.93131257940854,269.4565560736994
1000,1,8,4,2905,35.976573184052356,45.27684617491862
1000,1,8,4,2347,57.65801463834467,69.82800687158516
1000,1,8,4,2298,45.90674628580663,56.18352321396609
1000,1,8,8,2956,249.68812943393934,269.4565560736994
1000,1,8,8,2905,35.80786932315754,45.27684617491862
1000,1,8,8,2347,57.72717623208688,69.82800687158516
1000,1,8,8,2298,45.7035390469588,56.18352321396609
1000,2,1,1,2956,140.49100835231513,269.4565560736994
1000,2,1,1,2905,15.824711339493058,45.27684617491862
1000,2,1,1,2347,15.791428544012893,69.82800687158516
1000,2,1,1,2298,21.4319129139921,56.18352321396609
1000,2,1,2,2956,246.77535778098326,269.4565560736994
1000,2,1,2,2905,34.14896788009342,45.27684617491862
1000,2,1,2,2347,55.665403733743524,69.82800687158516
1000,2,1,2,2298,43.67748691273375,56.18352321396609
1000,2,1,4,2956,248.63466499714312,269.4565560736994
1000,2,1,4,2905,35.36373988560488,45.27684617491862
1000,2,1,4,2347,57.21520152379579,69.82800687158516
1000,2,1,4,2298,45.071005556927034,56.18352321396609
1000,2,1,8,2956,250.52919745961177,269.4565560736994
1000,2,1,8,2905,36.25139171242179,45.27684617491862
1000,2,1,8,2347,58.42505832013502,69.82800687158516
1000,2,1,8,2298,46.25479476684174,56.18352321396609
1000,2,2,1,2956,248.88127623280727,269.4565560736994
1000,2,2,1,2905,35.43758008509786,45.27684617491862
1000,2,2,1,2347,57.23377573020572,69.82800687158516
1000,2,2,1,2298,45.11045536971001,56.18352321396609
1000,2,2,2,2956,247.0458038015166,269.4565560736994
1000,2,2,2,2905,34.6514118708565,45.27684617491862
1000,2,2,2,2347,55.819155297627844,69.82800687158516
1000,2,2,2,2298,44.40779718190343,56.18352321396609
1000,2,2,4,2956,249.03441757543763,269.4565560736994
1000,2,2,4,2905,35.38943271648446,45.27684617491862
1000,2,2,4,2347,57.3028223970777,69.82800687158516
1000,2,2,4,2298,45.12353916580059,56.18352321396609
1000,2,2,8,2956,249.15878188862044,269.4565560736994
1000,2,2,8,2905,35.36914303248426,45.27684617491862
1000,2,2,8,2347,57.192045546999424,69.82800687158516
1000,2,2,8,2298,45.27244277565627,56.18352321396609
1000,2,4,1,2956,248.22287724226464,269.4565560736994
1000,2,4,1,2905,35.06643604768121,45.27684617491862
1000,2,4,1,2347,56.61853808751019,69.82800687158516
1000,2,4,1,2298,44.84401934071752,56.18352321396609
1000,2,4,2,2956,249.86830064860388,269.4565560736994
1000,2,4,2,2905,35.9049689400503,45.27684617491862
1000,2,4,2,2347,57.97862144158351,69.82800687158516
1000,2,4,2,2298,45.74038927970643,56.18352321396609
1000,2,4,4,2956,247.66590668276382,269.4565560736994
1000,2,4,4,2905,35.132552893463085,45.27684617491862
1000,2,4,4,2347,56.41706409730202,69.82800687158516
1000,2,4,4,2298,44.9636373799234,56.18352321396609
1000,2,4,8,2956,248.50639193059806,269.4565560736994
1000,2,4,8,2905,35.46045970824437,45.27684617491862
1000,2,4,8,2347,57.207913689609704,69.82800687158516
1000,2,4,8,2298,45.175953788776106,56.18352321396609
1000,2,8,1,2956,136.42161723195144,269.4565560736994
1000,2,8,1,2905,16.164482377771662,45.27684617491862
1000,2,8,1,2347,15.599477166171896,69.82800687158516
1000,2,8,1,2298,21.673801994576817,56.18352321396609
1000,2,8,2,2956,249.30548736160486,269.4565560736994
1000,2,8,2,2905,35.33116277876891,45.27684617491862
1000,2,8,2,2347,57.41887807086827,69.82800687158516
1000,2,8,2,2298,45.18845668679245,56.18352321396609
1000,2,8,4,2956,247.91491417759312,269.4565560736994
1000,2,8,4,2905,34.97466752766654,45.27684617491862
1000,2,8,4,2347,56.500430314529474,69.82800687158516
1000,2,8,4,2298,44.748236246221715,56.18352321396609
1000,2,8,8,2956,248.48890628223725,269.4565560736994
1000,2,8,8,2905,35.17894445597913,45.27684617491862
1000,2,8,8,2347,56.83510968438936,69.82800687158516
1000,2,8,8,2298,44.852443645006595,56.18352321396609
1000,4,1,1,2956,246.08784338877936,269.4565560736994
1000,4,1,1,2905,34.118362193804295,45.27684617491862
1000,4,1,1,2347,54.92773123235257,69.82800687158516
1000,4,1,1,2298,43.70394167306488,56.18352321396609
1000,4,1,2,2956,249.8985154030326,269.4565560736994
1000,4,1,2,2905,35.57222836798294,45.27684617491862
1000,4,1,2,2347,57.898393936635244,69.82800687158516
1000,4,1,2,2298,45.47225138261651,56.18352321396609
1000,4,1,4,2956,248.45651452793933,269.4565560736994
1000,4,1,4,2905,35.51695341007767,45.27684617491862
1000,4,1,4,2347,57.2860856006517,69.82800687158516
1000,4,1,4,2298,45.148590724703034,56.18352321396609
1000,4,1,8,2956,250.59930013937654,269.4565560736994
1000,4,1,8,2905,35.994626558287116,45.27684617491862
1000,4,1,8,2347,58.50606618389047,69.82800687158516
1000,4,1,8,2298,45.96275688333126,56.18352321396609
1000,4,2,1,2956,249.78407833821953,269.4565560736994
1000,4,2,1,2905,35.697403759703505,45.27684617491862
1000,4,2,1,2347,57.929754842691096,69.82800687158516
1000,4,2,1,2298,45.52067442226839,56.18352321396609
1000,4,2,2,2956,249.92661105382086,269.4565560736994
1000,4,2,2,2905,35.79549844824852,45.27684617491862
1000,4,2,2,2347,58.15775042742565,69.82800687158516
1000,4,2,2,2298,45.7103039377341,56.18352321396609
1000,4,2,4,2956,249.07795810242962,269.4565560736994
1000,4,2,4,2905,35.96935026013269,45.27684617491862
1000,4,2,4,2347,57.61660426144441,69.82800687158516
1000,4,2,4,2298,45.76156973995213,56.18352321396609
1000,4,2,8,2956,247.8921298659544,269.4565560736994
1000,4,2,8,2905,34.59210913029419,45.27684617491862
1000,4,2,8,2347,56.103439816144395,69.82800687158516
1000,4,2,8,2298,44.4075312290264,56.18352321396609
1000,4,4,1,2956,249.07790385713542,269.4565560736994
1000,4,4,1,2905,35.122361103747934,45.27684617491862
1000,4,4,1,2347,56.99740240927927,69.82800687158516
1000,4,4,1,2298,44.863879417063565,56.18352321396609
1000,4,4,2,2956,248.18446396756804,269.4565560736994
1000,4,4,2,2905,34.95080744927057,45.27684617491862
1000,4,4,2,2347,56.80347194316292,69.82800687158516
1000,4,4,2,2298,44.76887511247161,56.18352321396609
1000,4,4,4,2956,249.31797650040974,269.4565560736994
1000,4,4,4,2905,35.68405559796226,45.27684617491862
1000,4,4,4,2347,57.797074087170934,69.82800687158516
1000,4,4,4,2298,45.506343113303494,56.18352321396609
1000,4,4,8,2956,246.96964582538743,269.4565560736994
1000,4,4,8,2905,34.80472843921282,45.27684617491862
1000,4,4,8,2347,56.24160529062172,69.82800687158516
1000,4,4,8,2298,44.488112177190345,56.18352321396609
1000,4,8,1,2956,248.49667085564914,269.4565560736994
1000,4,8,1,2905,34.89003612677027,45.27684617491862
1000,4,8,1,2347,56.4142711129717,69.82800687158516
1000,4,8,1,2298,44.71998239586412,56.18352321396609
1000,4,8,2,2956,249.14624326860482,269.4565560736994
1000,4,8,2,2905,35.29450382622809,45.27684617491862
1000,4,8,2,2347,57.50683510216842,69.82800687158516
1000,4,8,2,2298,45.249791085121075,56.18352321396609
1000,4,8,4,2956,249.436954073947,269.4565560736994
1000,4,8,4,2905,35.528428942021065,45.27684617491862
1000,4,8,4,2347,57.52945494453779,69.82800687158516
1000,4,8,4,2298,45.42009517262984,56.18352321396609
1000,4,8,8,2956,248.55050294379305,269.4565560736994
1000,4,8,8,2905,34.909212266038146,45.27684617491862
1000,4,8,8,2347,56.67899552617615,69.82800687158516
1000,4,8,8,2298,44.726264901305484,56.18352321396609
1000,8,1,1,2956,249.7176213615461,269.4565560736994
1000,8,1,1,2905,35.60916121958246,45.27684617491862
1000,8,1,1,2347,57.67779217698588,69.82800687158516
1000,8,1,1,2298,45.298164471676,56.18352321396609
1000,8,1,2,2956,248.64103447421758,269.4565560736994
1000,8,1,2,2905,35.64950463811748,45.27684617491862
1000,8,1,2,2347,57.03221629704422,69.82800687158516
1000,8,1,2,2298,45.523057870496245,56.18352321396609
1000,8,1,4,2956,247.10295019991494,269.4565560736994
1000,8,1,4,2905,34.5852859078028,45.27684617491862
1000,8,1,4,2347,56.390968982231406,69.82800687158516
1000,8,1,4,2298,44.30513542778165,56.18352321396609
1000,8,1,8,2956,250.79587360315557,269.4565560736994
1000,8,1,8,2905,35.81208238592575,45.27684617491862
1000,8,1,8,2347,58.28291277615958,69.82800687158516
1000,8,1,8,2298,45.74933132678263,56.18352321396609
1000,8,2,1,2956,246.47623284184635,269.4565560736994
1000,8,2,1,2905,34.188498411787606,45.27684617491862
1000,8,2,1,2347,55.5937470580272,69.82800687158516
1000,8,2,1,2298,43.70105364080365,56.18352321396609
1000,8,2,2,2956,247.01268010503904,269.4565560736994
1000,8,2,2,2905,34.48583856788868,45.27684617491862
1000,8,2,2,2347,56.27252626957191,69.82800687158516
1000,8,2,2,2298,44.112924658017114,56.18352321396609
1000,8,2,4,2956,247.76282009327633,269.4565560736994
1000,8,2,4,2905,34.80786321095048,45.27684617491862
1000,8,2,4,2347,56.009529280572146,69.82800687158516
1000,8,2,4,2298,44.50156014771184,56.18352321396609
1000,8,2,8,2956,248.3076176525645,269.4565560736994
1000,8,2,8,2905,35.14327283980297,45.27684617491862
1000,8,2,8,2347,56.57303381712231,69.82800687158516
1000,8,2,8,2298,44.92594374270674,56.18352321396609
1000,8,4,1,2956,250.23467305532932,269.4565560736994
1000,8,4,1,2905,36.210098093692224,45.27684617491862
1000,8,4,1,2347,57.71802940475667,69.82800687158516
1000,8,4,1,2298,46.04132442268875,56.18352321396609
1000,8,4,2,2956,248.23610461201005,269.4565560736994
1000,8,4,2,2905,34.635747833073616,45.27684617491862
1000,8,4,2,2347,56.54450306459955,69.82800687158516
1000,8,4,2,2298,44.344821011264784,56.18352321396609
1000,8,4,4,2956,249.87893316652887,269.4565560736994
1000,8,4,4,2905,36.31248815700176,45.27684617491862
1000,8,4,4,2347,58.48229731968913,69.82800687158516
1000,8,4,4,2298,46.158953536463976,56.18352321396609
1000,8,4,8,2956,246.15423403337505,269.4565560736994
1000,8,4,8,2905,34.80892813761532,45.27684617491862
1000,8,4,8,2347,55.73062453815058,69.82800687158516
1000,8,4,8,2298,44.373787606546436,56.18352321396609
1000,8,8,1,2956,250.6894736995057,269.4565560736994
1000,8,8,1,2905,35.95917862779938,45.27684617491862
1000,8,8,1,2347,58.18619876341965,69.82800687158516
1000,8,8,1,2298,45.99768230227827,56.18352321396609
1000,8,8,2,2956,245.5298839531641,269.4565560736994
1000,8,8,2,2905,34.49132964945456,45.27684617491862
1000,8,8,2,2347,55.10052840915734,69.82800687158516
1000,8,8,2,2298,44.12976799704262,56.18352321396609
1000,8,8,4,2956,249.303059398765,269.4565560736994
1000,8,8,4,2905,35.408394946292475,45.27684617491862
1000,8,8,4,2347,57.535897780667526,69.82800687158516
1000,8,8,4,2298,45.31124685364518,56.18352321396609
1000,8,8,8,2956,248.25635667779878,269.4565560736994
1000,8,8,8,2905,34.96459764954806,45.27684617491862
1000,8,8,8,2347,56.57350242874599,69.82800687158516
1000,8,8,8,2298,44.73971184754476,56.18352321396609
1500,1,1,1,2956,249.41702172364975,269.4565560736994
1500,1,1,1,2905,35.76394406130899,45.27684617491862
1500,1,1,1,2347,57.55624965319734,69.82800687158516
1500,1,1,1,2298,45.55547160722256,56.18352321396609
1500,1,1,2,2956,248.16816414610244,269.4565560736994
1500,1,1,2,2905,35.03078852132772,45.27684617491862
1500,1,1,2,2347,56.61826483149866,69.82800687158516
1500,1,1,2,2298,44.57461298572752,56.18352321396609
1500,1,1,4,2956,249.2048345434107,269.4565560736994
1500,1,1,4,2905,35.73956727355564,45.27684617491862
1500,1,1,4,2347,57.61203823367689,69.82800687158516
1500,1,1,4,2298,45.58874892633428,56.18352321396609
1500,1,1,8,2956,133.0489355471708,269.4565560736994
1500,1,1,8,2905,17.3901900845061,45.27684617491862
1500,1,1,8,2347,15.866609586332899,69.82800687158516
1500,1,1,8,2298,22.154761783379243,56.18352321396609
1500,1,2,1,2956,245.22386913965983,269.4565560736994
1500,1,2,1,2905,33.9475457596951,45.27684617491862
1500,1,2,1,2347,54.835752077744104,69.82800687158516
1500,1,2,1,2298,43.582139903835724,56.18352321396609
1500,1,2,2,2956,246.1721130171769,269.4565560736994
1500,1,2,2,2905,34.73805700286788,45.27684617491862
1500,1,2,2,2347,55.608515310134635,69.82800687158516
1500,1,2,2,2298,44.31571052515714,56.18352321396609
1500,1,2,4,2956,249.529537690127,269.4565560736994
1500,1,2,4,2905,35.52520805597881,45.27684617491862
1500,1,2,4,2347,57.76988163417344,69.82800687158516
1500,1,2,4,2298,45.32142007574058,56.18352321396609
1500,1,2,8,2956,247.19357989415022,269.4565560736994
1500,1,2,8,2905,34.8719010595082,45.27684617491862
1500,1,2,8,2347,56.08728071932635,69.82800687158516
1500,1,2,8,2298,44.577406314418646,56.18352321396609
1500,1,4,1,2956,248.66195918613496,269.4565560736994
1500,1,4,1,2905,34.96155331746297,45.27684617491862
1500,1,4,1,2347,56.8368072657372,69.82800687158516
1500,1,4,1,2298,44.68160055445715,56.18352321396609
1500,1,4,2,2956,251.36919596299515,269.4565560736994
1500,1,4,2,2905,36.53268124639997,45.27684617491862
1500,1,4,2,2347,59.25203322287326,69.82800687158516
1500,1,4,2,2298,46.5544156967126,56.18352321396609
1500,1,4,4,2956,246.6040738533309,269.4565560736994
1500,1,4,4,2905,34.74019702868703,45.27684617491862
1500,1,4,4,2347,55.61830074476523,69.82800687158516
1500,1,4,4,2298,44.44091396099963,56.18352321396609
1500,1,4,8,2956,249.65996191210473,269.4565560736994
1500,1,4,8,2905,35.40861530993837,45.27684617491862
1500,1,4,8,2347,57.67075255662717,69.82800687158516
1500,1,4,8,2298,45.276321775992876,56.18352321396609
1500,1,8,1,2956,249.9073211886511,269.4565560736994
1500,1,8,1,2905,35.36566550491185,45.27684617491862
1500,1,8,1,2347,57.39347327934591,69.82800687158516
1500,1,8,1,2298,45.37154681401831,56.18352321396609
1500,1,8,2,2956,137.329475563251,269.4565560736994
1500,1,8,2,2905,17.852710297200534,45.27684617491862
1500,1,8,2,2347,15.518105556531118,69.82800687158516
1500,1,8,2,2298,22.23282977942703,56.18352321396609
1500,1,8,4,2956,249.8523622527588,269.4565560736994
1500,1,8,4,2905,35.44058198593001,45.27684617491862
1500,1,8,4,2347,57.50190981918912,69.82800687158516
1500,1,8,4,2298,45.21222720159482,56.18352321396609
1500,1,8,8,2956,249.95147593467905,269.4565560736994
1500,1,8,8,2905,35.81857513894761,45.27684617491862
1500,1,8,8,2347,58.04616791736931,69.82800687158516
1500,1,8,8,2298,45.77484218988481,56.18352321396609
1500,2,1,1,2956,245.91659392193299,269.4565560736994
1500,2,1,1,2905,34.91859867722355,45.27684617491862
1500,2,1,1,2347,55.78955520391565,69.82800687158516
1500,2,1,1,2298,44.67160922696479,56.18352321396609
1500,2,1,2,2956,245.7917127777408,269.4565560736994
1500,2,1,2,2905,34.71436257655295,45.27684617491862
1500,2,1,2,2347,55.48102237393488,69.82800687158516
1500,2,1,2,2298,44.39133747869195,56.18352321396609
1500,2,1,4,2956,249.0785634072206,269.4565560736994
1500,2,1,4,2905,35.554522626197866,45.27684617491862
1500,2,1,4,2347,57.38539053937638,69.82800687158516
1500,2,1,4,2298,45.40682726199294,56.18352321396609
1500,2,1,8,2956,247.8744441983369,269.4565560736994
1500,2,1,8,2905,35.17542350599639,45.27684617491862
1500,2,1,8,2347,56.72424905982245,69.82800687158516
1500,2,1,8,2298,44.940099485516285,56.18352321396609
1500,2,2,1,2956,249.38247257552192,269.4565560736994
1500,2,2,1,2905,35.0345221754424,45.27684617491862
1500,2,2,1,2347,57.125163645829375,69.82800687158516
1500,2,2,1,2298,44.849467206567134,56.18352321396609
1500,2,2,2,2956,248.54290992122256,269.4565560736994
1500,2,2,2,2905,35.14877665425827,45.27684617491862
1500,2,2,2,2347,57.17039223423311,69.82800687158516
1500,2,2,2,2298,45.03076495355129,56.18352321396609
1500,2,2,4,2956,249.23939668429983,269.4565560736994
1500,2,2,4,2905,35.58886889097323,45.27684617491862
1500,2,2,4,2347,57.48059543225627,69.82800687158516
1500,2,2,4,2298,45.56011424604917,56.18352321396609
1500,2,2,8,2956,245.66887796386536,269.4565560736994
1500,2,2,8,2905,34.60897323030283,45.27684617491862
1500,2,2,8,2347,55.37039765689346,69.82800687158516
1500,2,2,8,2298,44.20623757793807,56.18352321396609
1500,2,4,1,2956,249.2594457431887,269.4565560736994
1500,2,4,1,2905,35.097334343501686,45.27684617491862
1500,2,4,1,2347,57.81485455761616,69.82800687158516
1500,2,4,1,2298,44.83558285714249,56.18352321396609
1500,2,4,2,2956,244.89260326117787,269.4565560736994
1500,2,4,2,2905,33.72250082279588,45.27684617491862
1500,2,4,2,2347,54.47469302222832,69.82800687158516
1500,2,4,2,2298,43.34298161851851,56.18352321396609
1500,2,4,4,2956,245.64684562470293,269.4565560736994
1500,2,4,4,2905,34.40926450038595,45.27684617491862
1500,2,4,4,2347,55.168266294005775,69.82800687158516
1500,2,4,4,2298,43.987409937478354,56.18352321396609
1500,2,4,8,2956,247.87264753789495,269.4565560736994
1500,2,4,8,2905,35.02907672391073,45.27684617491862
1500,2,4,8,2347,56.67153731253183,69.82800687158516
1500,2,4,8,2298,44.77970322254556,56.18352321396609
1500,2,8,1,2956,249.71383237315658,269.4565560736994
1500,2,8,1,2905,35.20576386882871,45.27684617491862
1500,2,8,1,2347,57.36926927054208,69.82800687158516
1500,2,8,1,2298,45.09509109819756,56.18352321396609
1500,2,8,2,2956,249.83580157564396,269.4565560736994
1500,2,8,2,2905,35.9124923684182,45.27684617491862
1500,2,8,2,2347,57.812826269792254,69.82800687158516
1500,2,8,2,2298,45.733998818930765,56.18352321396609
1500,2,8,4,2956,247.21563600887768,269.4565560736994
1500,2,8,4,2905,34.77702974472589,45.27684617491862
1500,2,8,4,2347,55.81949767087004,69.82800687158516
1500,2,8,4,2298,44.3767642919027,56.18352321396609
1500,2,8,8,2956,248.67500012598933,269.4565560736994
1500,2,8,8,2905,35.039259847087735,45.27684617491862
1500,2,8,8,2347,57.089896570006566,69.82800687158516
1500,2,8,8,2298,44.795762809642746,56.18352321396609
1500,4,1,1,2956,245.6169020134971,269.4565560736994
1500,4,1,1,2905,35.19519209579108,45.27684617491862
1500,4,1,1,2347,55.6436585622699,69.82800687158516
1500,4,1,1,2298,44.83606883617097,56.18352321396609
1500,4,1,2,2956,248.28409078307436,269.4565560736994
1500,4,1,2,2905,34.99265633603224,45.27684617491862
1500,4,1,2,2347,57.02293326913762,69.82800687158516
1500,4,1,2,2298,44.549691556306215,56.18352321396609
1500,4,1,4,2956,246.46770370162216,269.4565560736994
1500,4,1,4,2905,34.48185395517091,45.27684617491862
1500,4,1,4,2347,55.78714762218318,69.82800687158516
1500,4,1,4,2298,43.996665192363146,56.18352321396609
1500,4,1,8,2956,248.43041846297527,269.4565560736994
1500,4,1,8,2905,35.48469652525752,45.27684617491862
1500,4,1,8,2347,56.8629442721066,69.82800687158516
1500,4,1,8,2298,45.287957068791535,56.18352321396609
1500,4,2,1,2956,132.2756312060776,269.4565560736994
1500,4,2,1,2905,16.2924155641351,45.27684617491862
1500,4,2,1,2347,15.775046514943545,69.82800687158516
1500,4,2,1,2298,20.760412710178297,56.18352321396609
1500,4,2,2,2956,245.34817176409314,269.4565560736994
1500,4,2,2,2905,34.78756166039021,45.27684617491862
1500,4,2,2,2347,55.142545437330746,69.82800687158516
1500,4,2,2,2298,44.330692731112116,56.18352321396609
1500,4,2,4,2956,249.04544589813497,269.4565560736994
1500,4,2,4,2905,35.30325822366646,45.27684617491862
1500,4,2,4,2347,57.11025591818812,69.82800687158516
1500,4,2,4,2298,45.10034898663875,56.18352321396609
1500,4,2,8,2956,248.23628477282747,269.4565560736994
1500,4,2,8,2905,35.102079696312934,45.27684617491862
1500,4,2,8,2347,56.62054295255393,69.82800687158516
1500,4,2,8,2298,44.93968921122898,56.18352321396609
1500,4,4,1,2956,136.01972245078204,269.4565560736994
1500,4,4,1,2905,15.331793451269734,45.27684617491862
1500,4,4,1,2347,15.05340761508748,69.82800687158516
1500,4,4,1,2298,19.71903801635151,56.18352321396609
1500,4,4,2,2956,249.8109362474777,269.4565560736994
1500,4,4,2,2905,35.86599894450344,45.27684617491862
1500,4,4,2,2347,57.94605493205107,69.82800687158516
1500,4,4,2,2298,45.74674827096452,56.18352321396609
1500,4,4,4,2956,246.728902229898,269.4565560736994
1500,4,4,4,2905,34.46558765327445,45.27684617491862
1500,4,4,4,2347,55.69765537644107,69.82800687158516
1500,4,4,4,2298,44.062143379922254,56.18352321396609
1500,4,4,8,2956,248.0548729086442,269.4565560736994
1500,4,4,8,2905,35.19573756933799,45.27684617491862
1500,4,4,8,2347,56.64375944363057,69.82800687158516
1500,4,4,8,2298,44.892408395405766,56.18352321396609
1500,4,8,1,2956,247.41234483391042,269.4565560736994
1500,4,8,1,2905,35.17832274724096,45.27684617491862
1500,4,8,1,2347,56.36777026631405,69.82800687158516
1500,4,8,1,2298,44.93670478331423,56.18352321396609
1500,4,8,2,2956,250.98926152439415,269.4565560736994
1500,4,8,2,2905,35.999436834109694,45.27684617491862
1500,4,8,2,2347,58.37986889273367,69.82800687158516
1500,4,8,2,2298,45.883554163307906,56.18352321396609
1500,4,8,4,2956,248.14104219794228,269.4565560736994
1500,4,8,4,2905,34.73794226690226,45.27684617491862
1500,4,8,4,2347,56.47580475323656,69.82800687158516
1500,4,8,4,2298,44.4430612185846,56.18352321396609
1500,4,8,8,2956,249.10428885156657,269.4565560736994
1500,4,8,8,2905,35.99142865790012,45.27684617491862
1500,4,8,8,2347,57.87190285223251,69.82800687158516
1500,4,8,8,2298,45.716896021191474,56.18352321396609
1500,8,1,1,2956,247.16710166369114,269.4565560736994
1500,8,1,1,2905,35.028690388739,45.27684617491862
1500,8,1,1,2347,56.52490934703987,69.82800687158516
1500,8,1,1,2298,44.70910641081222,56.18352321396609
1500,8,1,2,2956,246.79794801312792,269.4565560736994
1500,8,1,2,2905,35.27439160219552,45.27684617491862
1500,8,1,2,2347,56.219405575625,69.82800687158516
1500,8,1,2,2298,44.975624744114704,56.18352321396609
1500,8,1,4,2956,249.1486433450037,269.4565560736994
1500,8,1,4,2905,35.326519132334376,45.27684617491862
1500,8,1,4,2347,57.68110400177569,69.82800687158516
1500,8,1,4,2298,45.16418064736913,56.18352321396609
1500,8,1,8,2956,249.99416530138853,269.4565560736994
1500,8,1,8,2905,35.31171288497584,45.27684617491862
1500,8,1,8,2347,57.71597275903643,69.82800687158516
1500,8,1,8,2298,45.05027298105816,56.18352321396609
1500,8,2,1,2956,248.25226550975395,269.4565560736994
1500,8,2,1,2905,34.9471814180032,45.27684617491862
1500,8,2,1,2347,56.637806157502986,69.82800687158516
1500,8,2,1,2298,44.771038319710854,56.18352321396609
1500,8,2,2,2956,249.1647220979802,269.4565560736994
1500,8,2,2,2905,35.70017434449908,45.27684617491862
1500,8,2,2,2347,57.400269315039814,69.82800687158516
1500,8,2,2,2298,45.75614637548935,56.18352321396609
1500,8,2,4,2956,248.536840674799,269.4565560736994
1500,8,2,4,2905,35.45034719800218,45.27684617491862
1500,8,2,4,2347,57.12877556994966,69.82800687158516
1500,8,2,4,2298,45.34738165187417,56.18352321396609
1500,8,2,8,2956,248.3152152695263,269.4565560736994
1500,8,2,8,2905,35.454076426202974,45.27684617491862
1500,8,2,8,2347,57.04636719063957,69.82800687158516
1500,8,2,8,2298,45.184216318231414,56.18352321396609
1500,8,4,1,2956,249.5708446456193,269.4565560736994
1500,8,4,1,2905,35.80699318306093,45.27684617491862
1500,8,4,1,2347,57.487283321525666,69.82800687158516
1500,8,4,1,2298,45.639239617433496,56.18352321396609
1500,8,4,2,2956,248.82987711386014,269.4565560736994
1500,8,4,2,2905,35.415673859950495,45.27684617491862
1500,8,4,2,2347,57.46023445178309,69.82800687158516
1500,8,4,2,2298,45.257268316364645,56.18352321396609
1500,8,4,4,2956,248.50105255806773,269.4565560736994
1500,8,4,4,2905,35.492872717894016,45.27684617491862
1500,8,4,4,2347,56.89924850189487,69.82800687158516
1500,8,4,4,2298,45.1525123119586,56.18352321396609
1500,8,4,8,2956,245.47582933881722,269.4565560736994
1500,8,4,8,2905,34.68518766772465,45.27684617491862
1500,8,4,8,2347,55.52323427779626,69.82800687158516
1500,8,4,8,2298,44.337727978794085,56.18352321396609
1500,8,8,1,2956,142.76789644080762,269.4565560736994
1500,8,8,1,2905,15.10609789073156,45.27684617491862
1500,8,8,1,2347,16.036761304062416,69.82800687158516
1500,8,8,1,2298,20.711577618552116,56.18352321396609
1500,8,8,2,2956,248.55104463530222,269.4565560736994
1500,8,8,2,2905,35.71230562039882,45.27684617491862
1500,8,8,2,2347,56.8505978635851,69.82800687158516
1500,8,8,2,2298,45.596967910855184,56.18352321396609
1500,8,8,4,2956,247.61618407837898,269.4565560736994
1500,8,8,4,2905,34.977372220760394,45.27684617491862
1500,8,8,4,2347,56.331672826405466,69.82800687158516
1500,8,8,4,2298,44.7154402000135,56.18352321396609
1500,8,8,8,2956,250.66857754846302,269.4565560736994
1500,8,8,8,2905,35.55391501638337,45.27684617491862
1500,8,8,8,2347,58.059213018346895,69.82800687158516
1500,8,8,8,2298,45.401750762511426,56.18352321396609
2000,1,1,1,2956,249.21134850995858,269.4565560736994
2000,1,1,1,2905,35.116573999567656,45.27684617491862
2000,1,1,1,2347,57.49825737383755,69.82800687158516
2000,1,1,1,2298,45.10971786351274,56.18352321396609
2000,1,1,2,2956,248.24598153035654,269.4565560736994
2000,1,1,2,2905,35.98776895756897,45.27684617491862
2000,1,1,2,2347,57.705523768299074,69.82800687158516
2000,1,1,2,2298,45.78552791545681,56.18352321396609
2000,1,1,4,2956,250.35532231885395,269.4565560736994
2000,1,1,4,2905,35.55587955595079,45.27684617491862
2000,1,1,4,2347,57.96230417253394,69.82800687158516
2000,1,1,4,2298,45.4304698543934,56.18352321396609
2000,1,1,8,2956,249.7420912123147,269.4565560736994
2000,1,1,8,2905,35.76548101652878,45.27684617491862
2000,1,1,8,2347,57.81536049976413,69.82800687158516
2000,1,1,8,2298,45.62612175913955,56.18352321396609
2000,1,2,1,2956,148.31772476808206,269.4565560736994
2000,1,2,1,2905,14.471901206711609,45.27684617491862
2000,1,2,1,2347,15.054768143960752,69.82800687158516
2000,1,2,1,2298,19.549006910784197,56.18352321396609
2000,1,2,2,2956,248.01794900231607,269.4565560736994
2000,1,2,2,2905,35.18532010397993,45.27684617491862
2000,1,2,2,2347,56.941621087018824,69.82800687158516
2000,1,2,2,2298,44.76990866855319,56.18352321396609
2000,1,2,4,2956,248.77377258194116,269.4565560736994
2000,1,2,4,2905,35.02200422167267,45.27684617491862
2000,1,2,4,2347,56.68528624067074,69.82800687158516
2000,1,2,4,2298,44.92727428103128,56.18352321396609
2000,1,2,8,2956,250.81749114906168,269.4565560736994
2000,1,2,8,2905,36.080687760736616,45.27684617491862
2000,1,2,8,2347,58.537211046488096,69.82800687158516
2000,1,2,8,2298,46.02248789838909,56.18352321396609
2000,1,4,1,2956,247.7731284285659,269.4565560736994
2000,1,4,1,2905,34.90932168908468,45.27684617491862
2000,1,4,1,2347,56.186120828212474,69.82800687158516
2000,1,4,1,2298,44.770155610160465,56.18352321396609
2000,1,4,2,2956,245.31188069397277,269.4565560736994
2000,1,4,2,2905,34.12789792955774,45.27684617491862
2000,1,4,2,2347,54.93321395648595,69.82800687158516
2000,1,4,2,2298,43.65576646111519,56.18352321396609
2000,1,4,4,2956,250.35048289246456,269.4565560736994
2000,1,4,4,2905,36.12225951440566,45.27684617491862
2000,1,4,4,2347,58.54321612296229,69.82800687158516
2000,1,4,4,2298,46.09148227974717,56.18352321396609
2000,1,4,8,2956,249.30502412434552,269.4565560736994
2000,1,4,8,2905,35.41783587715047,45.27684617491862
2000,1,4,8,2347,57.29339072043851,69.82800687158516
2000,1,4,8,2298,45.23641005923075,56.18352321396609
2000,1,8,1,2956,248.19597739017652,269.4565560736994
2000,1,8,1,2905,35.239971703224434,45.27684617491862
2000,1,8,1,2347,56.759372978162894,69.82800687158516
2000,1,8,1,2298,44.79462288715722,56.18352321396609
2000,1,8,2,2956,247.7566405395078,269.4565560736994
2000,1,8,2,2905,35.144292488697154,45.27684617491862
2000,1,8,2,2347,56.41477099647332,69.82800687158516
2000,1,8,2,2298,44.96039788588356,56.18352321396609
2000,1,8,4,2956,247.37927333132072,269.4565560736994
2000,1,8,4,2905,34.81701572831627,45.27684617491862
2000,1,8,4,2347,56.157274939275865,69.82800687158516
2000,1,8,4,2298,44.641968858713184,56.18352321396609
2000,1,8,8,2956,249.45564808934583,269.4565560736994
2000,1,8,8,2905,35.468999027114265,45.27684617491862
2000,1,8,8,2347,57.81120813984769,69.82800687158516
2000,1,8,8,2298,45.261711653688344,56.18352321396609
2000,2,1,1,2956,248.84960948382638,269.4565560736994
2000,2,1,1,2905,35.71661776085925,45.27684617491862
2000,2,1,1,2347,57.40411882402964,69.82800687158516
2000,2,1,1,2298,45.52701258475969,56.18352321396609
2000,2,1,2,2956,246.4250992667857,269.4565560736994
2000,2,1,2,2905,34.20964517511735,45.27684617491862
2000,2,1,2,2347,55.74223678653499,69.82800687158516
2000,2,1,2,2298,43.834664465232656,56.18352321396609
2000,2,1,4,2956,249.5263867709503,269.4565560736994
2000,2,1,4,2905,36.01710895821943,45.27684617491862
2000,2,1,4,2347,57.68548337425336,69.82800687158516
2000,2,1,4,2298,45.83229178119691,56.18352321396609
2000,2,1,8,2956,248.61677557014602,269.4565560736994
2000,2,1,8,2905,35.50362351049455,45.27684617491862
2000,2,1,8,2347,57.19920061284934,69.82800687158516
2000,2,1,8,2298,45.290006788518326,56.18352321396609
2000,2,2,1,2956,250.3800115134162,269.4565560736994
2000,2,2,1,2905,35.719149073587545,45.27684617491862
2000,2,2,1,2347,58.2295283364427,69.82800687158516
2000,2,2,1,2298,45.48968092769754,56.18352321396609
2000,2,2,2,2956,247.3143335824095,269.4565560736994
2000,2,2,2,2905,34.882970929295844,45.27684617491862
2000,2,2,2,2347,56.114007704983514,69.82800687158516
2000,2,2,2,2298,44.70647796851688,56.18352321396609
2000,2,2,4,2956,247.58100127396696,269.4565560736994
2000,2,2,4,2905,34.970739867626314,45.27684617491862
2000,2,2,4,2347,56.17853588959825,69.82800687158516
2000,2,2,4,2298,44.62336502976233,56.18352321396609
2000,2,2,8,2956,248.81280694651295,269.4565560736994
2000,2,2,8,2905,35.03331746270419,45.27684617491862
2000,2,2,8,2347,57.01163059990209,69.82800687158516
2000,2,2,8,2298,44.894410869573605,56.18352321396609
2000,2,4,1,2956,245.04906296635167,269.4565560736994
2000,2,4,1,2905,34.23329800464586,45.27684617491862
2000,2,4,1,2347,55.20425008967936,69.82800687158516
2000,2,4,1,2298,43.654815916130154,56.18352321396609
2000,2,4,2,2956,246.08460167030915,269.4565560736994
2000,2,4,2,2905,34.30864001055175,45.27684617491862
2000,2,4,2,2347,55.58655573767349,69.82800687158516
2000,2,4,2,2298,44.007747879845326,56.18352321396609
2000,2,4,4,2956,247.8097177234323,269.4565560736994
2000,2,4,4,2905,34.82412825306298,45.27684617491862
2000,2,4,4,2347,56.33679110313928,69.82800687158516
2000,2,4,4,2298,44.544973273054644,56.18352321396609
2000,2,4,8,2956,247.26599300917425,269.4565560736994
2000,2,4,8,2905,34.976043362606134,45.27684617491862
2000,2,4,8,2347,56.127701485306694,69.82800687158516
2000,2,4,8,2298,44.62152889357812,56.18352321396609
2000,2,8,1,2956,248.4006518757577,269.4565560736994
2000,2,8,1,2905,35.77185033264584,45.27684617491862
2000,2,8,1,2347,57.12862270319374,69.82800687158516
2000,2,8,1,2298,45.57471386365919,56.18352321396609
2000,2,8,2,2956,247.85312873105997,269.4565560736994
2000,2,8,2,2905,35.00635334763056,45.27684617491862
2000,2,8,2,2347,56.676606509971734,69.82800687158516
2000,2,8,2,2298,44.90997305087581,56.18352321396609
2000,2,8,4,2956,248.9567720189461,269.4565560736994
2000,2,8,4,2905,35.180917092723064,45.27684617491862
2000,2,8,4,2347,57.02171932256989,69.82800687158516
2000,2,8,4,2298,45.049519632031426,56.18352321396609
2000,2,8,8,2956,247.46424150714142,269.4565560736994
2000,2,8,8,2905,34.66472014605294,45.27684617491862
2000,2,8,8,2347,56.25392130660842,69.82800687158516
2000,2,8,8,2298,44.322188063473455,56.18352321396609
2000,4,1,1,2956,248.41731636326443,269.4565560736994
2000,4,1,1,2905,34.95239755303719,45.27684617491862
2000,4,1,1,2347,56.70053912509997,69.82800687158516
2000,4,1,1,2298,44.72688505755667,56.18352321396609
2000,4,1,2,2956,246.47531685475633,269.4565560736994
2000,4,1,2,2905,34.78933095521413,45.27684617491862
2000,4,1,2,2347,55.90536068204728,69.82800687158516
2000,4,1,2,2298,44.42619356935981,56.18352321396609
2000,4,1,4,2956,246.92721676947136,269.4565560736994
2000,4,1,4,2905,34.470573982661584,45.27684617491862
2000,4,1,4,2347,55.61674480374991,69.82800687158516
2000,4,1,4,2298,44.03367814028391,56.18352321396609
2000,4,1,8,2956,146.30285992078464,269.4565560736994
2000,4,1,8,2905,18.643166318054963,45.27684617491862
2000,4,1,8,2347,16.111917394394396,69.82800687158516
2000,4,1,8,2298,23.150225407970453,56.18352321396609
2000,4,2,1,2956,146.33561507936315,269.4565560736994
2000,4,2,1,2905,15.246038057097731,45.27684617491862
2000,4,2,1,2347,15.092091493999716,69.82800687158516
2000,4,2,1,2298,20.874054918535386,56.18352321396609
2000,4,2,2,2956,245.90726271252706,269.4565560736994
2000,4,2,2,2905,34.67310206346781,45.27684617491862
2000,4,2,2,2347,55.58702112069764,69.82800687158516
2000,4,2,2,2298,44.17284213598184,56.18352321396609
2000,4,2,4,2956,246.68761232560956,269.4565560736994
2000,4,2,4,2905,35.02727038637297,45.27684617491862
2000,4,2,4,2347,56.057775485518825,69.82800687158516
2000,4,2,4,2298,44.51793348488003,56.18352321396609
2000,4,2,8,2956,246.8947536234079,269.4565560736994
2000,4,2,8,2905,34.60966574051353,45.27684617491862
2000,4,2,8,2347,56.15513511562364,69.82800687158516
2000,4,2,8,2298,44.19398599213044,56.18352321396609
2000,4,4,1,2956,138.81373706528095,269.4565560736994
2000,4,4,1,2905,14.467390641996591,45.27684617491862
2000,4,4,1,2347,14.82644110816638,69.82800687158516
2000,4,4,1,2298,19.655470792772586,56.18352321396609
2000,4,4,2,2956,248.14792362151766,269.4565560736994
2000,4,4,2,2905,35.28923639933886,45.27684617491862
2000,4,4,2,2347,56.94521155345665,69.82800687158516
2000,4,4,2,2298,44.97759809022749,56.18352321396609
2000,4,4,4,2956,249.27293330626162,269.4565560736994
2000,4,4,4,2905,35.52061820516746,45.27684617491862
2000,4,4,4,2347,57.42469127345683,69.82800687158516
2000,4,4,4,2298,45.46333692545715,56.18352321396609
2000,4,4,8,2956,250.5845033097197,269.4565560736994
2000,4,4,8,2905,35.832599926381036,45.27684617491862
2000,4,4,8,2347,58.099669863509334,69.82800687158516
2000,4,4,8,2298,45.79378221021073,56.18352321396609
2000,4,8,1,2956,247.49230046215035,269.4565560736994
2000,4,8,1,2905,35.05686548158644,45.27684617491862
2000,4,8,1,2347,56.36499895836641,69.82800687158516
2000,4,8,1,2298,44.70823860312439,56.18352321396609
2000,4,8,2,2956,248.29353238839226,269.4565560736994
2000,4,8,2,2905,35.40403194553689,45.27684617491862
2000,4,8,2,2347,57.08030706786557,69.82800687158516
2000,4,8,2,2298,45.14180121383368,56.18352321396609
2000,4,8,4,2956,247.29690518194272,269.4565560736994
2000,4,8,4,2905,35.12420444738593,45.27684617491862
2000,4,8,4,2347,56.3475934744386,69.82800687158516
2000,4,8,4,2298,44.91900697452627,56.18352321396609
2000,4,8,8,2956,246.36962146133854,269.4565560736994
2000,4,8,8,2905,34.50147579224469,45.27684617491862
2000,4,8,8,2347,55.87628005856168,69.82800687158516
2000,4,8,8,2298,44.136707252129675,56.18352321396609
2000,8,1,1,2956,246.07630694522206,269.4565560736994
2000,8,1,1,2905,34.5610869535912,45.27684617491862
2000,8,1,1,2347,55.750044100049955,69.82800687158516
2000,8,1,1,2298,44.23413631407104,56.18352321396609
2000,8,1,2,2956,247.66210488414492,269.4565560736994
2000,8,1,2,2905,34.54152926696573,45.27684617491862
2000,8,1,2,2347,56.202614366496626,69.82800687158516
2000,8,1,2,2298,44.45633655398328,56.18352321396609
2000,8,1,4,2956,247.05629323170564,269.4565560736994
2000,8,1,4,2905,34.53102828902764,45.27684617491862
2000,8,1,4,2347,56.06741164162681,69.82800687158516
2000,8,1,4,2298,44.08090563218487,56.18352321396609
2000,8,1,8,2956,247.22317822026812,269.4565560736994
2000,8,1,8,2905,34.97301801833424,45.27684617491862
2000,8,1,8,2347,55.97616601354759,69.82800687158516
2000,8,1,8,2298,44.76660134658732,56.18352321396609
2000,8,2,1,2956,148.85027182935585,269.4565560736994
2000,8,2,1,2905,14.429700632873065,45.27684617491862
2000,8,2,1,2347,15.279370809289931,69.82800687158516
2000,8,2,1,2298,20.601397145419703,56.18352321396609
2000,8,2,2,2956,248.0321930883907,269.4565560736994
2000,8,2,2,2905,35.29042830856685,45.27684617491862
2000,8,2,2,2347,56.89106792161568,69.82800687158516
2000,8,2,2,2298,45.05250622401961,56.18352321396609
2000,8,2,4,2956,247.4008950614603,269.4565560736994
2000,8,2,4,2905,35.12077516329511,45.27684617491862
2000,8,2,4,2347,56.38912841485629,69.82800687158516
2000,8,2,4,2298,44.74317432625336,56.18352321396609
2000,8,2,8,2956,246.16629157533342,269.4565560736994
2000,8,2,8,2905,34.791333778648834,45.27684617491862
2000,8,2,8,2347,55.87562171669297,69.82800687158516
2000,8,2,8,2298,44.37248727847265,56.18352321396609
2000,8,4,1,2956,250.68692758701522,269.4565560736994
2000,8,4,1,2905,35.937237610080004,45.27684617491862
2000,8,4,1,2347,58.31139458212015,69.82800687158516
2000,8,4,1,2298,45.782047924760356,56.18352321396609
2000,8,4,2,2956,248.37371385211438,269.4565560736994
2000,8,4,2,2905,35.247222227961196,45.27684617491862
2000,8,4,2,2347,57.13911021442206,69.82800687158516
2000,8,4,2,2298,45.06379122950923,56.18352321396609
2000,8,4,4,2956,247.8030814847065,269.4565560736994
2000,8,4,4,2905,35.22305401848596,45.27684617491862
2000,8,4,4,2347,56.534927196900256,69.82800687158516
2000,8,4,4,2298,44.94087181939402,56.18352321396609
2000,8,4,8,2956,247.79521462915994,269.4565560736994
2000,8,4,8,2905,35.05822063501901,45.27684617491862
2000,8,4,8,2347,56.398814933470206,69.82800687158516
2000,8,4,8,2298,44.8891903766038,56.18352321396609
2000,8,8,1,2956,247.8320336268329,269.4565560736994
2000,8,8,1,2905,35.270121936015116,45.27684617491862
2000,8,8,1,2347,56.847731595374775,69.82800687158516
2000,8,8,1,2298,45.03840241860114,56.18352321396609
2000,8,8,2,2956,245.06423130291245,269.4565560736994
2000,8,8,2,2905,34.543007085603705,45.27684617491862
2000,8,8,2,2347,55.038747870333985,69.82800687158516
2000,8,8,2,2298,44.10737995702901,56.18352321396609
2000,8,8,4,2956,248.0366433853729,269.4565560736994
2000,8,8,4,2905,35.629401786392464,45.27684617491862
2000,8,8,4,2347,57.2431973297942,69.82800687158516
2000,8,8,4,2298,45.46751673068486,56.18352321396609
2000,8,8,8,2956,244.7297758874777,269.4565560736994
2000,8,8,8,2905,34.12930742449539,45.27684617491862
2000,8,8,8,2347,54.78276118930055,69.82800687158516
2000,8,8,8,2298,43.67597263367625,56.18352321396609
2500,1,1,1,2956,248.4724531554286,269.4565560736994
2500,1,1,1,2905,35.36560602872533,45.27684617491862
2500,1,1,1,2347,57.1160073327459,69.82800687158516
2500,1,1,1,2298,45.16293621260579,56.18352321396609
2500,1,1,2,2956,249.800337547717,269.4565560736994
2500,1,1,2,2905,36.04040661735334,45.27684617491862
2500,1,1,2,2347,57.88146339073312,69.82800687158516
2500,1,1,2,2298,46.036705670078526,56.18352321396609
2500,1,1,4,2956,246.11470013251343,269.4565560736994
2500,1,1,4,2905,35.29537171532254,45.27684617491862
2500,1,1,4,2347,56.03634196873263,69.82800687158516
2500,1,1,4,2298,45.051057152155785,56.18352321396609
2500,1,1,8,2956,247.19774582374484,269.4565560736994
2500,1,1,8,2905,35.045591899516886,45.27684617491862
2500,1,1,8,2347,56.34214926147656,69.82800687158516
2500,1,1,8,2298,44.55638910651356,56.18352321396609
2500,1,2,1,2956,127.27135760654569,269.4565560736994
2500,1,2,1,2905,17.4487633672422,45.27684617491862
2500,1,2,1,2347,16.379598507237034,69.82800687158516
2500,1,2,1,2298,21.631525070728426,56.18352321396609
2500,1,2,2,2956,247.4453969414301,269.4565560736994
2500,1,2,2,2905,34.7849199141279,45.27684617491862
2500,1,2,2,2347,56.80405497071208,69.82800687158516
2500,1,2,2,2298,44.37659245389478,56.18352321396609
2500,1,2,4,2956,249.10942909406967,269.4565560736994
2500,1,2,4,2905,36.15214855756106,45.27684617491862
2500,1,2,4,2347,57.774268334721356,69.82800687158516
2500,1,2,4,2298,46.01934893304138,56.18352321396609
2500,1,2,8,2956,248.8315896842317,269.4565560736994
2500,1,2,8,2905,35.65147974534308,45.27684617491862
2500,1,2,8,2347,57.34840501538335,69.82800687158516
2500,1,2,8,2298,45.378380563655135,56.18352321396609
2500,1,4,1,2956,140.9298913524978,269.4565560736994
2500,1,4,1,2905,14.912686348349029,45.27684617491862
2500,1,4,1,2347,14.832751588482473,69.82800687158516
2500,1,4,1,2298,20.14437157466253,56.18352321396609
2500,1,4,2,2956,246.678445808775,269.4565560736994
2500,1,4,2,2905,34.51525671707423,45.27684617491862
2500,1,4,2,2347,56.02996368836748,69.82800687158516
2500,1,4,2,2298,44.22468033634357,56.18352321396609
2500,1,4,4,2956,247.68110297630247,269.4565560736994
2500,1,4,4,2905,34.93295153253116,45.27684617491862
2500,1,4,4,2347,56.73452871432914,69.82800687158516
2500,1,4,4,2298,44.65819334918078,56.18352321396609
2500,1,4,8,2956,245.79567441083157,269.4565560736994
2500,1,4,8,2905,34.37654636386358,45.27684617491862
2500,1,4,8,2347,55.460497818525326,69.82800687158516
2500,1,4,8,2298,43.950881897956506,56.18352321396609
2500,1,8,1,2956,248.6388300989592,269.4565560736994
2500,1,8,1,2905,34.802476871495344,45.27684617491862
2500,1,8,1,2347,56.590175274064606,69.82800687158516
2500,1,8,1,2298,44.69129960713928,56.18352321396609
2500,1,8,2,2956,249.7798440519224,269.4565560736994
2500,1,8,2,2905,35.8527983531785,45.27684617491862
2500,1,8,2,2347,57.78932007310037,69.82800687158516
2500,1,8,2,2298,45.77287654032425,56.18352321396609
2500,1,8,4,2956,247.35666277036268,269.4565560736994
2500,1,8,4,2905,34.762774508997886,45.27684617491862
2500,1,8,4,2347,56.21967992697955,69.82800687158516
2500,1,8,4,2298,44.483320189389,56.18352321396609
2500,1,8,8,2956,146.68677757843824,269.4565560736994
2500,1,8,8,2905,17.939550313397426,45.27684617491862
2500,1,8,8,2347,14.600556360012211,69.82800687158516
2500,1,8,8,2298,23.10041996043006,56.18352321396609
2500,2,1,1,2956,248.93158205084603,269.4565560736994
2500,2,1,1,2905,35.15898668109204,45.27684617491862
2500,2,1,1,2347,57.10633840312444,69.82800687158516
2500,2,1,1,2298,44.96304222014104,56.18352321396609
2500,2,1,2,2956,245.1546687351987,269.4565560736994
2500,2,1,2,2905,34.04907710995151,45.27684617491862
2500,2,1,2,2347,55.241966067095554,69.82800687158516
2500,2,1,2,2298,43.51479891144146,56.18352321396609
2500,2,1,4,2956,248.61624630014674,269.4565560736994
2500,2,1,4,2905,35.470857733320365,45.27684617491862
2500,2,1,4,2347,57.108269378012544,69.82800687158516
2500,2,1,4,2298,45.404462778704506,56.18352321396609
2500,2,1,8,2956,247.29016181453963,269.4565560736994
2500,2,1,8,2905,35.34109369737347,45.27684617491862
2500,2,1,8,2347,56.56649344355858,69.82800687158516
2500,2,1,8,2298,44.98767358342993,56.18352321396609
2500,2,2,1,2956,246.87567272521505,269.4565560736994
2500,2,2,1,2905,35.30289065658085,45.27684617491862
2500,2,2,1,2347,56.437780588737624,69.82800687158516
2500,2,2,1,2298,44.776953254119235,56.18352321396609
2500,2,2,2,2956,249.43391303180312,269.4565560736994
2500,2,2,2,2905,35.79870141969779,45.27684617491862
2500,2,2,2,2347,57.54037319252637,69.82800687158516
2500,2,2,2,2298,45.75183129585057,56.18352321396609
2500,2,2,4,2956,250.27415214770463,269.4565560736994
2500,2,2,4,2905,35.88122861001947,45.27684617491862
2500,2,2,4,2347,58.226682612471684,69.82800687158516
2500,2,2,4,2298,45.868779087059195,56.18352321396609
2500,2,2,8,2956,247.13092167110634,269.4565560736994
2500,2,2,8,2905,34.90527038036724,45.27684617491862
2500,2,2,8,2347,56.456172056596806,69.82800687158516
2500,2,2,8,2298,44.51669596552036,56.18352321396609
2500,2,4,1,2956,249.5335253111883,269.4565560736994
2500,2,4,1,2905,35.58038578608746,45.27684617491862
2500,2,4,1,2347,57.747710497800796,69.82800687158516
2500,2,4,1,2298,45.2491500570304,56.18352321396609
2500,2,4,2,2956,247.39927842383815,269.4565560736994
2500,2,4,2,2905,34.746793768299945,45.27684617491862
2500,2,4,2,2347,56.11586548626939,69.82800687158516
2500,2,4,2,2298,44.42305920313827,56.18352321396609
2500,2,4,4,2956,246.7366222272481,269.4565560736994
2500,2,4,4,2905,35.013231977153744,45.27684617491862
2500,2,4,4,2347,55.722106365594556,69.82800687158516
2500,2,4,4,2298,44.7203550530676,56.18352321396609
2500,2,4,8,2956,247.51208513486648,269.4565560736994
2500,2,4,8,2905,35.02501312307772,45.27684617491862
2500,2,4,8,2347,56.63562483152711,69.82800687158516
2500,2,4,8,2298,44.6406068285072,56.18352321396609
2500,2,8,1,2956,115.22991361753496,269.4565560736994
2500,2,8,1,2905,14.157971553802192,45.27684617491862
2500,2,8,1,2347,15.446802092484669,69.82800687158516
2500,2,8,1,2298,19.507949658028444,56.18352321396609
2500,2,8,2,2956,245.73034096852714,269.4565560736994
2500,2,8,2,2905,34.268716078030565,45.27684617491862
2500,2,8,2,2347,55.19754426521401,69.82800687158516
2500,2,8,2,2298,43.97836031795342,56.18352321396609
2500,2,8,4,2956,247.52335025788813,269.4565560736994
2500,2,8,4,2905,34.81643618400814,45.27684617491862
2500,2,8,4,2347,56.54009672820161,69.82800687158516
2500,2,8,4,2298,44.46582987072857,56.18352321396609
2500,2,8,8,2956,137.64878986275968,269.4565560736994
2500,2,8,8,2905,17.802092991137975,45.27684617491862
2500,2,8,8,2347,16.115426172335447,69.82800687158516
2500,2,8,8,2298,22.671290023465204,56.18352321396609
2500,4,1,1,2956,247.7774597366966,269.4565560736994
2500,4,1,1,2905,35.137509607130596,45.27684617491862
2500,4,1,1,2347,56.76003660815874,69.82800687158516
2500,4,1,1,2298,44.58131631926042,56.18352321396609
2500,4,1,2,2956,246.91759820930906,269.4565560736994
2500,4,1,2,2905,34.61847831832363,45.27684617491862
2500,4,1,2,2347,55.69557960352418,69.82800687158516
2500,4,1,2,2298,44.37698143896402,56.18352321396609
2500,4,1,4,2956,247.66727816774463,269.4565560736994
2500,4,1,4,2905,35.427350327344,45.27684617491862
2500,4,1,4,2347,56.58136785876041,69.82800687158516
2500,4,1,4,2298,45.16419346043348,56.18352321396609
2500,4,1,8,2956,249.99684425327874,269.4565560736994
2500,4,1,8,2905,36.0375700939692,45.27684617491862
2500,4,1,8,2347,58.19332801104692,69.82800687158516
2500,4,1,8,2298,45.86121983799972,56.18352321396609
2500,4,2,1,2956,141.05290415125515,269.4565560736994
2500,4,2,1,2905,13.489432269600165,45.27684617491862
2500,4,2,1,2347,15.396817159146178,69.82800687158516
2500,4,2,1,2298,18.449483061284962,56.18352321396609
2500,4,2,2,2956,245.50039744511366,269.4565560736994
2500,4,2,2,2905,34.118754616218,45.27684617491862
2500,4,2,2,2347,55.1221207397745,69.82800687158516
2500,4,2,2,2298,43.57907570450039,56.18352321396609
2500,4,2,4,2956,250.06865598420984,269.4565560736994
2500,4,2,4,2905,36.109399180485255,45.27684617491862
2500,4,2,4,2347,58.30900967075726,69.82800687158516
2500,4,2,4,2298,45.92021052902346,56.18352321396609
2500,4,2,8,2956,249.5889657570032,269.4565560736994
2500,4,2,8,2905,35.70342445706123,45.27684617491862
2500,4,2,8,2347,57.43708718766219,69.82800687158516
2500,4,2,8,2298,45.678488234187824,56.18352321396609
2500,4,4,1,2956,246.10200114480347,269.4565560736994
2500,4,4,1,2905,34.213405990320055,45.27684617491862
2500,4,4,1,2347,55.08745158403555,69.82800687158516
2500,4,4,1,2298,43.66122878127485,56.18352321396609
2500,4,4,2,2956,248.05585058930737,269.4565560736994
2500,4,4,2,2905,35.03075289494718,45.27684617491862
2500,4,4,2,2347,56.85429336368779,69.82800687158516
2500,4,4,2,2298,44.75757439463549,56.18352321396609
2500,4,4,4,2956,247.81493772199593,269.4565560736994
2500,4,4,4,2905,35.34524520411564,45.27684617491862
2500,4,4,4,2347,57.044133999654086,69.82800687158516
2500,4,4,4,2298,45.05214003501258,56.18352321396609
2500,4,4,8,2956,248.89452356991907,269.4565560736994
2500,4,4,8,2905,35.29042931614216,45.27684617491862
2500,4,4,8,2347,57.593676432976935,69.82800687158516
2500,4,4,8,2298,45.09051654241292,56.18352321396609
2500,4,8,1,2956,248.38748581781743,269.4565560736994
2500,4,8,1,2905,35.223139174571806,45.27684617491862
2500,4,8,1,2347,56.66144502578098,69.82800687158516
2500,4,8,1,2298,44.846469385412384,56.18352321396609
2500,4,8,2,2956,246.85972782171945,269.4565560736994
2500,4,8,2,2905,34.329705701197895,45.27684617491862
2500,4,8,2,2347,56.04880039747748,69.82800687158516
2500,4,8,2,2298,44.12798117965386,56.18352321396609
2500,4,8,4,2956,249.25110792475155,269.4565560736994
2500,4,8,4,2905,35.76182790157231,45.27684617491862
2500,4,8,4,2347,57.44549082611815,69.82800687158516
2500,4,8,4,2298,45.58989379768791,56.18352321396609
2500,4,8,8,2956,249.51944815400847,269.4565560736994
2500,4,8,8,2905,35.7261333557301,45.27684617491862
2500,4,8,8,2347,57.61004976718404,69.82800687158516
2500,4,8,8,2298,45.578723492817694,56.18352321396609
2500,8,1,1,2956,250.26877005449026,269.4565560736994
2500,8,1,1,2905,36.11976170118726,45.27684617491862
2500,8,1,1,2347,58.47400292195919,69.82800687158516
2500,8,1,1,2298,45.85505855209126,56.18352321396609
2500,8,1,2,2956,248.14824447860232,269.4565560736994
2500,8,1,2,2905,34.99539389900134,45.27684617491862
2500,8,1,2,2347,56.73206806633023,69.82800687158516
2500,8,1,2,2298,44.90582629901495,56.18352321396609
2500,8,1,4,2956,247.37035885364853,269.4565560736994
2500,8,1,4,2905,34.23522967597769,45.27684617491862
2500,8,1,4,2347,56.01164394126468,69.82800687158516
2500,8,1,4,2298,43.95054043644857,56.18352321396609
2500,8,1,8,2956,247.8066312705338,269.4565560736994
2500,8,1,8,2905,35.334752399057614,45.27684617491862
2500,8,1,8,2347,56.82053743682687,69.82800687158516
2500,8,1,8,2298,44.98677121748989,56.18352321396609
2500,8,2,1,2956,248.35348427971184,269.4565560736994
2500,8,2,1,2905,35.415431499259896,45.27684617491862
2500,8,2,1,2347,56.85513125923657,69.82800687158516
2500,8,2,1,2298,45.14343951832423,56.18352321396609
2500,8,2,2,2956,252.42135125097823,269.4565560736994
2500,8,2,2,2905,36.41313776839576,45.27684617491862
2500,8,2,2,2347,59.414923273790855,69.82800687158516
2500,8,2,2,2298,46.49110683224607,56.18352321396609
2500,8,2,4,2956,248.36105538324068,269.4565560736994
2500,8,2,4,2905,35.48183609602092,45.27684617491862
2500,8,2,4,2347,57.241996529637994,69.82800687158516
2500,8,2,4,2298,45.15520252177732,56.18352321396609
2500,8,2,8,2956,250.60679959822022,269.4565560736994
2500,8,2,8,2905,35.93384669359489,45.27684617491862
2500,8,2,8,2347,58.3333578501785,69.82800687158516
2500,8,2,8,2298,45.77242794124822,56.18352321396609
2500,8,4,1,2956,250.76906818305292,269.4565560736994
2500,8,4,1,2905,35.56306085869508,45.27684617491862
2500,8,4,1,2347,58.198332288269455,69.82800687158516
2500,8,4,1,2298,45.665732780826886,56.18352321396609
2500,8,4,2,2956,249.00277789260952,269.4565560736994
2500,8,4,2,2905,34.948499615954056,45.27684617491862
2500,8,4,2,2347,57.384642152755724,69.82800687158516
2500,8,4,2,2298,44.76323408133327,56.18352321396609
2500,8,4,4,2956,248.3449139552267,269.4565560736994
2500,8,4,4,2905,35.240744391861476,45.27684617491862
2500,8,4,4,2347,57.11658203606338,69.82800687158516
2500,8,4,4,2298,44.90211293686298,56.18352321396609
2500,8,4,8,2956,246.50369631640385,269.4565560736994
2500,8,4,8,2905,34.88849428605094,45.27684617491862
2500,8,4,8,2347,56.04547545439254,69.82800687158516
2500,8,4,8,2298,44.47505019927901,56.18352321396609
2500,8,8,1,2956,247.8422155620012,269.4565560736994
2500,8,8,1,2905,35.176406186208936,45.27684617491862
2500,8,8,1,2347,56.94094209425821,69.82800687158516
2500,8,8,1,2298,45.09699503372542,56.18352321396609
2500,8,8,2,2956,245.99425744104903,269.4565560736994
2500,8,8,2,2905,34.45799047513607,45.27684617491862
2500,8,8,2,2347,55.717119618626924,69.82800687158516
2500,8,8,2,2298,44.00234618727385,56.18352321396609
2500,8,8,4,2956,248.01051699350808,269.4565560736994
2500,8,8,4,2905,34.9382136266568,45.27684617491862
2500,8,8,4,2347,56.56836909294307,69.82800687158516
2500,8,8,4,2298,44.60226032835659,56.18352321396609
2500,8,8,8,2956,247.64950490727148,269.4565560736994
2500,8,8,8,2905,35.17672606911366,45.27684617491862
2500,8,8,8,2347,56.890504686222314,69.82800687158516
2500,8,8,8,2298,44.814453341411955,56.18352321396609
3000,1,1,1,2956,249.31640478334336,269.4565560736994
3000,1,1,1,2905,36.22319821064064,45.27684617491862
3000,1,1,1,2347,57.80753940016692,69.82800687158516
3000,1,1,1,2298,45.869030760210975,56.18352321396609
3000,1,1,2,2956,246.87623387152212,269.4565560736994
3000,1,1,2,2905,35.419114427766246,45.27684617491862
3000,1,1,2,2347,56.30489642091488,69.82800687158516
3000,1,1,2,2298,45.127453338080414,56.18352321396609
3000,1,1,4,2956,248.61668883179198,269.4565560736994
3000,1,1,4,2905,34.956974335406386,45.27684617491862
3000,1,1,4,2347,56.75310639691188,69.82800687158516
3000,1,1,4,2298,44.73649195836463,56.18352321396609
3000,1,1,8,2956,247.80028432893803,269.4565560736994
3000,1,1,8,2905,34.867427578739374,45.27684617491862
3000,1,1,8,2347,56.6802743256107,69.82800687158516
3000,1,1,8,2298,44.65189544603103,56.18352321396609
3000,1,2,1,2956,247.03499553034067,269.4565560736994
3000,1,2,1,2905,35.052783291127646,45.27684617491862
3000,1,2,1,2347,56.163114530383325,69.82800687158516
3000,1,2,1,2298,44.61146337447626,56.18352321396609
3000,1,2,2,2956,247.8392813138823,269.4565560736994
3000,1,2,2,2905,35.21050706085232,45.27684617491862
3000,1,2,2,2347,56.82964564961265,69.82800687158516
3000,1,2,2,2298,45.07198673981992,56.18352321396609
3000,1,2,4,2956,129.13795586986055,269.4565560736994
3000,1,2,4,2905,15.383832896794742,45.27684617491862
3000,1,2,4,2347,15.579597106088485,69.82800687158516
3000,1,2,4,2298,20.477871712129392,56.18352321396609
3000,1,2,8,2956,249.75627869312999,269.4565560736994
3000,1,2,8,2905,35.92471537682431,45.27684617491862
3000,1,2,8,2347,57.908035525060306,69.82800687158516
3000,1,2,8,2298,45.80379427297691,56.18352321396609
3000,1,4,1,2956,249.62877682958865,269.4565560736994
3000,1,4,1,2905,35.969870152380025,45.27684617491862
3000,1,4,1,2347,58.067052066737524,69.82800687158516
3000,1,4,1,2298,45.67378607457613,56.18352321396609
3000,1,4,2,2956,247.4243947445995,269.4565560736994
3000,1,4,2,2905,35.351789599720405,45.27684617491862
3000,1,4,2,2347,56.937911608846456,69.82800687158516
3000,1,4,2,2298,44.88896629139708,56.18352321396609
3000,1,4,4,2956,247.2609134978429,269.4565560736994
3000,1,4,4,2905,34.74354555644221,45.27684617491862
3000,1,4,4,2347,56.030340763312466,69.82800687158516
3000,1,4,4,2298,44.55422481737561,56.18352321396609
3000,1,4,8,2956,248.18880743780548,269.4565560736994
3000,1,4,8,2905,35.03838614242327,45.27684617491862
3000,1,4,8,2347,56.81597074575585,69.82800687158516
3000,1,4,8,2298,44.77568253481384,56.18352321396609
3000,1,8,1,2956,250.05569338624093,269.4565560736994
3000,1,8,1,2905,36.04595305228841,45.27684617491862
3000,1,8,1,2347,58.1083797796487,69.82800687158516
3000,1,8,1,2298,46.08498826891595,56.18352321396609
3000,1,8,2,2956,246.5069772467139,269.4565560736994
3000,1,8,2,2905,34.711813766397235,45.27684617491862
3000,1,8,2,2347,55.77998644774927,69.82800687158516
3000,1,8,2,2298,44.43702524276147,56.18352321396609
3000,1,8,4,2956,246.0831776142278,269.4565560736994
3000,1,8,4,2905,34.77475338652415,45.27684617491862
3000,1,8,4,2347,55.730232824185414,69.82800687158516
3000,1,8,4,2298,44.55839243196934,56.18352321396609
3000,1,8,8,2956,246.90024836737516,269.4565560736994
3000,1,8,8,2905,35.10495422447103,45.27684617491862
3000,1,8,8,2347,56.18766795004744,69.82800687158516
3000,1,8,8,2298,44.89212298463055,56.18352321396609
3000,2,1,1,2956,246.46050664151008,269.4565560736994
3000,2,1,1,2905,34.59426589042768,45.27684617491862
3000,2,1,1,2347,55.806709631338116,69.82800687158516
3000,2,1,1,2298,44.154340014593394,56.18352321396609
3000,2,1,2,2956,249.40395502040954,269.4565560736994
3000,2,1,2,2905,35.85121458393877,45.27684617491862
3000,2,1,2,2347,57.686920660863784,69.82800687158516
3000,2,1,2,2298,45.61746478364473,56.18352321396609
3000,2,1,4,2956,244.61390178118685,269.4565560736994
3000,2,1,4,2905,33.92786255961215,45.27684617491862
3000,2,1,4,2347,54.6810244068956,69.82800687158516
3000,2,1,4,2298,43.6026422417728,56.18352321396609
3000,2,1,8,2956,247.7432823194926,269.4565560736994
3000,2,1,8,2905,35.095305472204586,45.27684617491862
3000,2,1,8,2347,56.41671507730816,69.82800687158516
3000,2,1,8,2298,45.025354734319485,56.18352321396609
3000,2,2,1,2956,248.5595759608115,269.4565560736994
3000,2,2,1,2905,35.27946409275418,45.27684617491862
3000,2,2,1,2347,57.039813764683565,69.82800687158516
3000,2,2,1,2298,44.974844090417406,56.18352321396609
3000,2,2,2,2956,246.6135873961235,269.4565560736994
3000,2,2,2,2905,34.38686933771975,45.27684617491862
3000,2,2,2,2347,55.70633693614971,69.82800687158516
3000,2,2,2,2298,44.03143513723566,56.18352321396609
3000,2,2,4,2956,248.95426684875326,269.4565560736994
3000,2,2,4,2905,35.44274471336139,45.27684617491862
3000,2,2,4,2347,57.23723748936149,69.82800687158516
3000,2,2,4,2298,45.34589975363057,56.18352321396609
3000,2,2,8,2956,248.08933639073138,269.4565560736994
3000,2,2,8,2905,35.65746606983648,45.27684617491862
3000,2,2,8,2347,57.03962588332104,69.82800687158516
3000,2,2,8,2298,45.38107298519652,56.18352321396609
3000,2,4,1,2956,249.0552453465664,269.4565560736994
3000,2,4,1,2905,35.66856388088702,45.27684617491862
3000,2,4,1,2347,57.500055882246926,69.82800687158516
3000,2,4,1,2298,45.5332873081851,56.18352321396609
3000,2,4,2,2956,249.14432139777358,269.4565560736994
3000,2,4,2,2905,36.070582935861566,45.27684617491862
3000,2,4,2,2347,57.80491030075512,69.82800687158516
3000,2,4,2,2298,45.867656210569216,56.18352321396609
3000,2,4,4,2956,247.06589318017606,269.4565560736994
3000,2,4,4,2905,34.83789809444153,45.27684617491862
3000,2,4,4,2347,56.2662893063088,69.82800687158516
3000,2,4,4,2298,44.664993835739594,56.18352321396609
3000,2,4,8,2956,246.31849339575268,269.4565560736994
3000,2,4,8,2905,34.854426966354865,45.27684617491862
3000,2,4,8,2347,55.87807906002809,69.82800687158516
3000,2,4,8,2298,44.40697265630672,56.18352321396609
3000,2,8,1,2956,246.89162832298678,269.4565560736994
3000,2,8,1,2905,35.16361506786986,45.27684617491862
3000,2,8,1,2347,56.376517017575296,69.82800687158516
3000,2,8,1,2298,44.849240814072864,56.18352321396609
3000,2,8,2,2956,250.18407199157508,269.4565560736994
3000,2,8,2,2905,35.52588754165216,45.27684617491862
3000,2,8,2,2347,58.03594887207703,69.82800687158516
3000,2,8,2,2298,45.4451841797003,56.18352321396609
3000,2,8,4,2956,247.85215497756363,269.4565560736994
3000,2,8,4,2905,35.124405100582536,45.27684617491862
3000,2,8,4,2347,56.796192756195744,69.82800687158516
3000,2,8,4,2298,44.827959958841504,56.18352321396609
3000,2,8,8,2956,247.4395503226924,269.4565560736994
3000,2,8,8,2905,34.94482790065122,45.27684617491862
3000,2,8,8,2347,56.38780298186999,69.82800687158516
3000,2,8,8,2298,44.6074889170176,56.18352321396609
3000,4,1,1,2956,247.2473623466737,269.4565560736994
3000,4,1,1,2905,34.81048807373907,45.27684617491862
3000,4,1,1,2347,56.28442064151731,69.82800687158516
3000,4,1,1,2298,44.412215220150955,56.18352321396609
3000,4,1,2,2956,248.0147009094996,269.4565560736994
3000,4,1,2,2905,35.34889196348242,45.27684617491862
3000,4,1,2,2347,56.98262152236903,69.82800687158516
3000,4,1,2,2298,45.21148295131971,56.18352321396609
3000,4,1,4,2956,248.0587966521841,269.4565560736994
3000,4,1,4,2905,35.065907380441594,45.27684617491862
3000,4,1,4,2347,56.989581005265386,69.82800687158516
3000,4,1,4,2298,44.96210734532885,56.18352321396609
3000,4,1,8,2956,248.43786210498854,269.4565560736994
3000,4,1,8,2905,34.757311563578035,45.27684617491862
3000,4,1,8,2347,56.487533925463495,69.82800687158516
3000,4,1,8,2298,44.41632457184659,56.18352321396609
3000,4,2,1,2956,247.10383917554785,269.4565560736994
3000,4,2,1,2905,34.68199541373468,45.27684617491862
3000,4,2,1,2347,56.084920479696315,69.82800687158516
3000,4,2,1,2298,44.361476992561236,56.18352321396609
3000,4,2,2,2956,140.76273790164663,269.4565560736994
3000,4,2,2,2905,15.217244198660419,45.27684617491862
3000,4,2,2,2347,15.243353673418342,69.82800687158516
3000,4,2,2,2298,20.023991293022377,56.18352321396609
3000,4,2,4,2956,249.37813733978982,269.4565560736994
3000,4,2,4,2905,35.80102201303946,45.27684617491862
3000,4,2,4,2347,57.85121432357198,69.82800687158516
3000,4,2,4,2298,45.59324711746939,56.18352321396609
3000,4,2,8,2956,248.16803876561892,269.4565560736994
3000,4,2,8,2905,35.450554383153445,45.27684617491862
3000,4,2,8,2347,56.80035306817416,69.82800687158516
3000,4,2,8,2298,45.21842237707846,56.18352321396609
3000,4,4,1,2956,247.1817809228088,269.4565560736994
3000,4,4,1,2905,35.31740177832328,45.27684617491862
3000,4,4,1,2347,56.419802446432314,69.82800687158516
3000,4,4,1,2298,45.03294223704797,56.18352321396609
3000,4,4,2,2956,249.2298622949939,269.4565560736994
3000,4,4,2,2905,35.625163053967334,45.27684617491862
3000,4,4,2,2347,57.44553977450399,69.82800687158516
3000,4,4,2,2298,45.42071214338423,56.18352321396609
3000,4,4,4,2956,246.63628806888894,269.4565560736994
3000,4,4,4,2905,34.7940465590649,45.27684617491862
3000,4,4,4,2347,56.008425065133586,69.82800687158516
3000,4,4,4,2298,44.486544260118386,56.18352321396609
3000,4,4,8,2956,247.40582246687194,269.4565560736994
3000,4,4,8,2905,35.13042375586218,45.27684617491862
3000,4,4,8,2347,56.420626422841956,69.82800687158516
3000,4,4,8,2298,44.73378693052235,56.18352321396609
3000,4,8,1,2956,159.12439062251352,269.4565560736994
3000,4,8,1,2905,14.28323601291306,45.27684617491862
3000,4,8,1,2347,14.676011703059194,69.82800687158516
3000,4,8,1,2298,20.651656031389795,56.18352321396609
3000,4,8,2,2956,247.56516537157344,269.4565560736994
3000,4,8,2,2905,35.240288547990325,45.27684617491862
3000,4,8,2,2347,56.836211941267706,69.82800687158516
3000,4,8,2,2298,44.77443844013582,56.18352321396609
3000,4,8,4,2956,249.19803746101914,269.4565560736994
3000,4,8,4,2905,35.60794825766993,45.27684617491862
3000,4,8,4,2347,57.68738389792395,69.82800687158516
3000,4,8,4,2298,45.601795872449564,56.18352321396609
3000,4,8,8,2956,249.53873974975775,269.4565560736994
3000,4,8,8,2905,35.93541662459284,45.27684617491862
3000,4,8,8,2347,58.00470793126623,69.82800687158516
3000,4,8,8,2298,45.77596328890699,56.18352321396609
3000,8,1,1,2956,247.71546495780711,269.4565560736994
3000,8,1,1,2905,35.041790365542546,45.27684617491862
3000,8,1,1,2347,56.70684761262296,69.82800687158516
3000,8,1,1,2298,44.86785265523182,56.18352321396609
3000,8,1,2,2956,248.88545215980486,269.4565560736994
3000,8,1,2,2905,35.57361092886976,45.27684617491862
3000,8,1,2,2347,57.395630237744804,69.82800687158516
3000,8,1,2,2298,45.3760050295548,56.18352321396609
3000,8,1,4,2956,247.68886801815262,269.4565560736994
3000,8,1,4,2905,34.966331325324596,45.27684617491862
3000,8,1,4,2347,56.477423889349524,69.82800687158516
3000,8,1,4,2298,44.53468459724942,56.18352321396609
3000,8,1,8,2956,248.16370927944607,269.4565560736994
3000,8,1,8,2905,34.873994591637086,45.27684617491862
3000,8,1,8,2347,56.530496833615935,69.82800687158516
3000,8,1,8,2298,44.666443578312126,56.18352321396609
3000,8,2,1,2956,245.87690965301724,269.4565560736994
3000,8,2,1,2905,34.063045770327626,45.27684617491862
3000,8,2,1,2347,55.48137467957828,69.82800687158516
3000,8,2,1,2298,43.52489230752575,56.18352321396609
3000,8,2,2,2956,247.85502022697997,269.4565560736994
3000,8,2,2,2905,34.9841799548951,45.27684617491862
3000,8,2,2,2347,56.40328028592686,69.82800687158516
3000,8,2,2,2298,44.66476034622962,56.18352321396609
3000,8,2,4,2956,248.2181011746601,269.4565560736994
3000,8,2,4,2905,35.443546666752304,45.27684617491862
3000,8,2,4,2347,56.815269572202986,69.82800687158516
3000,8,2,4,2298,45.227650377631036,56.18352321396609
3000,8,2,8,2956,247.317778891801,269.4565560736994
3000,8,2,8,2905,34.549362794019366,45.27684617491862
3000,8,2,8,2347,55.97940734954117,69.82800687158516
3000,8,2,8,2298,44.2138135567905,56.18352321396609
3000,8,4,1,2956,245.74047851203554,269.4565560736994
3000,8,4,1,2905,34.62806660245802,45.27684617491862
3000,8,4,1,2347,55.76197349969108,69.82800687158516
3000,8,4,1,2298,44.032132594030294,56.18352321396609
3000,8,4,2,2956,250.89227943006873,269.4565560736994
3000,8,4,2,2905,36.110207800464416,45.27684617491862
3000,8,4,2,2347,57.95506243187181,69.82800687158516
3000,8,4,2,2298,46.11641911509269,56.18352321396609
3000,8,4,4,2956,249.73985727725042,269.4565560736994
3000,8,4,4,2905,36.1936978650275,45.27684617491862
3000,8,4,4,2347,58.039995552585275,69.82800687158516
3000,8,4,4,2298,46.083599364640634,56.18352321396609
3000,8,4,8,2956,248.97928305161918,269.4565560736994
3000,8,4,8,2905,35.4017375971173,45.27684617491862
3000,8,4,8,2347,57.216632834974355,69.82800687158516
3000,8,4,8,2298,45.27651966274557,56.18352321396609
3000,8,8,1,2956,248.97021020101337,269.4565560736994
3000,8,8,1,2905,35.60660683872547,45.27684617491862
3000,8,8,1,2347,57.180377595036006,69.82800687158516
3000,8,8,1,2298,45.593618833337715,56.18352321396609
3000,8,8,2,2956,246.4120875613695,269.4565560736994
3000,8,8,2,2905,34.219466813472,45.27684617491862
3000,8,8,2,2347,55.65571257785872,69.82800687158516
3000,8,8,2,2298,43.83657786956545,56.18352321396609
3000,8,8,4,2956,247.08088713085903,269.4565560736994
3000,8,8,4,2905,34.59593699312753,45.27684617491862
3000,8,8,4,2347,55.87129433091508,69.82800687158516
3000,8,8,4,2298,44.26660416827898,56.18352321396609
3000,8,8,8,2956,249.0335505975922,269.4565560736994
3000,8,8,8,2905,35.30243893150219,45.27684617491862
3000,8,8,8,2347,57.491474954608684,69.82800687158516
3000,8,8,8,2298,45.10235065507851,56.18352321396609
