-1.055160984396934509e-01,-3.204315900802612305e-02,-9.335637092590332031e-02,-8.302783966064453125e-02
-7.147529721260070801e-02,4.889588803052902222e-02,1.788387149572372437e-01,-1.895276010036468506e-01
-1.807379871606826782e-01,2.841960079967975616e-02,-1.228423230350017548e-02,-3.753329813480377197e-02
-9.549608826637268066e-02,-1.126441825181245804e-02,-2.059299312531948090e-02,-1.115752458572387695e-01
-2.816012687981128693e-02,-1.573528163135051727e-02,-2.725446224212646484e-02,1.308398321270942688e-02
-1.325533986091613770e-01,-5.810911208391189575e-02,-1.137805823236703873e-02,-6.146213784813880920e-02
-1.354445219039916992e-01,-4.208142869174480438e-03,1.848527416586875916e-02,9.286234155297279358e-03
-1.052472814917564392e-01,6.880471855401992798e-02,8.344419300556182861e-02,8.369410410523414612e-03
-1.129178181290626526e-01,4.236193373799324036e-03,-4.788347519934177399e-03,-1.822621189057826996e-02
-7.774373143911361694e-02,6.982208788394927979e-02,1.418096944689750671e-02,-4.993541166186332703e-02
-2.103012800216674805e-01,-1.117629557847976685e-01,-7.751055061817169189e-02,-4.691208899021148682e-02
-1.691485047340393066e-01,1.005799993872642517e-01,9.914410859346389771e-02,-2.619116194546222687e-02
-1.322473883628845215e-01,1.194322779774665833e-01,2.707964181900024414e-02,-1.846345327794551849e-02
-8.997195959091186523e-02,1.017658859491348267e-01,5.279141478240489960e-03,8.460678905248641968e-02
-1.281956136226654053e-01,-4.270765930414199829e-02,-6.368069350719451904e-02,-8.675924688577651978e-02
-1.105210855603218079e-01,-7.837761938571929932e-02,7.164991647005081177e-02,-4.119823127985000610e-02
-7.856021076440811157e-02,-1.170354709029197693e-02,2.359312400221824646e-02,-6.925966590642929077e-02
-4.623959213495254517e-02,1.371843218803405762e-01,-5.752015113830566406e-02,5.835827812552452087e-02
-1.840735226869583130e-01,-1.042099222540855408e-01,4.679423198103904724e-02,3.518408909440040588e-02
-1.473369151353836060e-01,-2.921592257916927338e-02,-2.085476298816502094e-04,-7.227127440273761749e-03
-9.192666411399841309e-02,4.668347910046577454e-02,-1.535413879901170731e-02,-3.776437789201736450e-02
-1.282500624656677246e-01,2.138131484389305115e-02,2.238607034087181091e-02,-7.186306267976760864e-02
2.831981144845485687e-02,2.404292346909642220e-03,4.131934046745300293e-02,-6.409314274787902832e-02
-2.452042549848556519e-01,4.615519195795059204e-02,-9.661877155303955078e-02,9.407156705856323242e-02
-3.331476077437400818e-02,1.371384039521217346e-02,2.367398887872695923e-02,7.037610560655593872e-02
-8.766587823629379272e-02,-7.368349283933639526e-02,-7.514563202857971191e-02,5.359666422009468079e-03
2.615648508071899414e-02,-5.205286666750907898e-02,4.500702954828739166e-03,8.361564576625823975e-02
2.616476966068148613e-03,-2.605888433754444122e-02,-1.343429367989301682e-02,-7.279570400714874268e-02
5.318870767951011658e-02,-1.206601969897747040e-02,-1.781898736953735352e-01,6.159320101141929626e-02
-7.142215967178344727e-02,2.115077525377273560e-02,2.738150395452976227e-02,1.104686036705970764e-01
-2.960189618170261383e-02,-1.495482176542282104e-01,-1.938379555940628052e-02,2.856008522212505341e-02
-8.710026741027832031e-03,-9.051371365785598755e-02,5.642550066113471985e-02,-5.588063597679138184e-02
3.635475784540176392e-02,4.734983667731285095e-02,-9.388595819473266602e-02,-7.952792942523956299e-02
-6.087022647261619568e-02,-4.963261261582374573e-02,-4.614648222923278809e-02,1.419324725866317749e-01
-8.552274107933044434e-02,-1.988562755286693573e-02,-3.928229585289955139e-02,2.956202812492847443e-02
-9.001728147268295288e-02,6.959807127714157104e-02,-7.544411718845367432e-02,-4.731458798050880432e-02
-1.717328578233718872e-01,-1.016460135579109192e-01,7.930628210306167603e-02,-6.122187525033950806e-02
-1.379780471324920654e-01,-7.332201302051544189e-02,-1.158307865262031555e-02,-5.253193154931068420e-02
-2.491121441125869751e-01,8.288494311273097992e-03,1.519954949617385864e-01,2.829130738973617554e-02
-6.992004066705703735e-02,-4.713997244834899902e-02,-8.250735700130462646e-03,1.498553454875946045e-01
-1.838197857141494751e-01,2.434425055980682373e-02,6.269452720880508423e-02,3.946918621659278870e-02
-1.193699613213539124e-01,-4.128576815128326416e-02,-4.650982469320297241e-02,6.143238395452499390e-02
-1.799037456512451172e-01,-8.916950970888137817e-02,2.395263686776161194e-02,8.050356805324554443e-02
-2.078021913766860962e-01,-6.623648572713136673e-03,4.047502204775810242e-02,1.399355977773666382e-01
-4.336601495742797852e-02,-7.285942789167165756e-03,1.022708639502525330e-01,1.584535837173461914e-02
-7.449670135974884033e-02,-1.779321208596229553e-02,-4.830646514892578125e-02,6.672293692827224731e-02
5.611111968755722046e-02,-3.467143326997756958e-02,-5.135339871048927307e-02,-1.811415106058120728e-01
-1.826078295707702637e-01,-8.288811147212982178e-02,-5.678239092230796814e-02,1.299557685852050781e-01
-1.004587039351463318e-01,-7.382534444332122803e-02,9.003397077322006226e-03,-8.854708820581436157e-02
-7.106930017471313477e-02,-7.923503406345844269e-03,-6.118458509445190430e-02,-6.451877206563949585e-02
7.662548217922449112e-03,-1.611306332051753998e-02,2.047443203628063202e-02,-6.569758057594299316e-03
-1.150077302008867264e-02,-2.990660443902015686e-02,6.891015917062759399e-02,1.984719000756740570e-02
4.439238831400871277e-02,-1.152261812239885330e-02,3.762627020478248596e-02,6.259785033762454987e-03
-1.003536805510520935e-01,-5.425966531038284302e-02,-4.544008895754814148e-02,-4.022291302680969238e-02
1.112358085811138153e-02,-1.148645728826522827e-01,-1.172412261366844177e-01,-1.021795049309730530e-01
-1.259772628545761108e-01,2.114568836987018585e-02,9.108386188745498657e-02,-4.200024530291557312e-02
-4.791674017906188965e-02,6.979842483997344971e-02,-3.387160599231719971e-02,2.798374742269515991e-02
-1.118119359016418457e-01,-3.670212998986244202e-02,5.339113622903823853e-02,2.200969494879245758e-02
-3.352533280849456787e-02,-1.973121240735054016e-02,-2.064040489494800568e-02,-7.498479634523391724e-02
-1.576085202395915985e-02,5.816723033785820007e-02,-7.775411754846572876e-02,-4.455306753516197205e-02
-1.425621509552001953e-01,-7.480818033218383789e-02,-7.983503490686416626e-02,2.335797436535358429e-02
2.646169811487197876e-02,2.261714823544025421e-02,1.568160355091094971e-01,-7.116001844406127930e-02
-6.692693382501602173e-02,3.222322836518287659e-02,8.260197192430496216e-02,-5.857542157173156738e-02
-3.037566132843494415e-02,7.490004599094390869e-02,2.235070057213306427e-02,-7.290214300155639648e-02
-1.283251196146011353e-01,-1.225892230868339539e-01,9.461211413145065308e-02,6.385468691587448120e-02
-1.000621244311332703e-01,8.228924870491027832e-02,5.028083547949790955e-02,5.929720401763916016e-02
-1.316011101007461548e-01,2.382848784327507019e-02,-5.203273892402648926e-02,3.216159343719482422e-02
3.626827150583267212e-02,-3.722140565514564514e-03,2.502079494297504425e-02,-6.872587651014328003e-02
1.384871453046798706e-02,-1.585041880607604980e-01,-3.367410600185394287e-02,7.258563488721847534e-02
-1.600943505764007568e-01,-5.831734836101531982e-02,-4.297545179724693298e-02,-1.025158762931823730e-01
-6.420227140188217163e-02,-1.232390254735946655e-01,-1.517663598060607910e-01,9.691511839628219604e-02
-8.414972573518753052e-03,1.500737946480512619e-02,8.201879262924194336e-02,4.574470594525337219e-02
-3.579301014542579651e-02,-5.287354439496994019e-02,-6.889937818050384521e-02,-5.283119529485702515e-02
-3.841228084638714790e-03,-4.409964382648468018e-02,-5.408999323844909668e-02,-3.500084206461906433e-02
-2.427491731941699982e-02,-2.834514155983924866e-02,9.433747036382555962e-04,-6.111956387758255005e-02
-9.451363235712051392e-02,-5.134497210383415222e-02,-7.220619916915893555e-02,1.515049785375595093e-01
5.284891650080680847e-02,-3.249721601605415344e-02,5.741172656416893005e-02,-5.114710703492164612e-02
-5.764334276318550110e-02,-5.271355062723159790e-02,-3.365138173103332520e-02,-1.159687340259552002e-01
-1.082533523440361023e-01,-3.684934973716735840e-02,8.918386697769165039e-02,1.217112615704536438e-01
-4.530093446373939514e-02,-1.329832226037979126e-01,1.075508296489715576e-01,9.023919701576232910e-02
3.833955153822898865e-02,1.138939708471298218e-02,9.086593240499496460e-02,5.981530994176864624e-03
-9.868922643363475800e-03,3.974958509206771851e-02,-5.568631365895271301e-02,7.355776429176330566e-02
-2.364144288003444672e-02,-7.155217230319976807e-02,-4.563762992620468140e-02,-4.955329746007919312e-02
-9.454266726970672607e-02,-6.043938174843788147e-02,1.496522780507802963e-02,-2.475270628929138184e-02
-1.973621696233749390e-01,5.340874567627906799e-02,1.426581889390945435e-01,-1.519290059804916382e-01
-4.759533330798149109e-02,-1.319402158260345459e-01,1.462119258940219879e-02,-6.551901996135711670e-02
4.272020608186721802e-02,-6.918631959706544876e-03,-8.799278736114501953e-02,-3.391930088400840759e-02
-6.489022076129913330e-02,-1.433999538421630859e-01,6.813327968120574951e-02,-2.689147889614105225e-01
-9.103287011384963989e-02,3.333587897941470146e-03,4.702679440379142761e-02,-1.849784329533576965e-02
-2.141761779785156250e-01,4.451034963130950928e-02,9.404306113719940186e-02,-1.779308915138244629e-02
-1.071524061262607574e-02,-1.144538000226020813e-01,3.925680182874202728e-03,-2.529591694474220276e-02
-8.903641998767852783e-02,2.310133911669254303e-02,-4.932791367173194885e-02,-1.405606269836425781e-01
-1.665621250867843628e-01,-8.880770951509475708e-02,-1.407662313431501389e-02,4.727942124009132385e-02
-6.964907795190811157e-02,1.108013242483139038e-01,-1.379403918981552124e-01,7.609751820564270020e-02
3.891584277153015137e-02,8.101158775389194489e-03,-1.192755647934973240e-03,4.450334236025810242e-02
-4.842317104339599609e-02,5.145450681447982788e-02,-1.456913799047470093e-01,8.709492534399032593e-02
-4.587831348180770874e-02,-1.578213572502136230e-01,4.283707216382026672e-02,-7.996580749750137329e-02
-6.727318465709686279e-02,9.728682041168212891e-02,-8.419889956712722778e-02,-8.622065931558609009e-02
4.761829599738121033e-02,-2.929899096488952637e-02,-6.015854887664318085e-03,1.227797642350196838e-01
-3.534609079360961914e-02,7.039638236165046692e-03,5.577477160841226578e-03,1.137235015630722046e-02
-2.505513727664947510e-01,-1.177540607750415802e-02,-1.903103850781917572e-02,-2.222076058387756348e-02
-1.142429709434509277e-01,1.295484136790037155e-02,-1.481005642563104630e-02,3.102638386189937592e-02
-1.786696910858154297e-01,-1.549499630928039551e-01,-9.633532911539077759e-02,8.466660231351852417e-02
-1.172021552920341492e-01,-1.653785444796085358e-02,-2.240153402090072632e-02,-1.685354858636856079e-03
1.516785025596618652e-01,-6.805859971791505814e-03,5.637070164084434509e-02,-3.761758655309677124e-02
-1.429889649152755737e-01,-2.187769114971160889e-02,-1.338860094547271729e-01,9.123573545366525650e-04
-1.188303083181381226e-01,1.211167313158512115e-02,-3.892380278557538986e-03,-8.675127290189266205e-03
-4.954842478036880493e-02,4.731358587741851807e-02,-8.244146406650543213e-02,-5.440236255526542664e-02
5.131671950221061707e-02,-1.040647849440574646e-01,-4.256454296410083771e-03,-1.589361950755119324e-02
4.472937062382698059e-02,5.364914610981941223e-02,6.395149976015090942e-02,-1.111151743680238724e-02
-1.137695685029029846e-01,-7.789294421672821045e-02,-1.446129381656646729e-01,3.943660110235214233e-02
-8.158069849014282227e-02,2.365440689027309418e-02,3.755718469619750977e-02,1.180782020092010498e-01
4.796005785465240479e-02,4.769347608089447021e-02,-2.371966280043125153e-02,-7.836468517780303955e-02
-1.395609825849533081e-01,-6.412521749734878540e-02,1.369933485984802246e-01,-4.993397742509841919e-03
-1.467537581920623779e-01,6.465259008109569550e-03,-1.350314076989889145e-02,3.646605089306831360e-02
-7.127988338470458984e-02,-4.098648205399513245e-02,6.684610247611999512e-02,-7.705302536487579346e-02
-1.805301383137702942e-02,3.533879353199154139e-04,-9.827207773923873901e-02,2.799960970878601074e-02
9.553020820021629333e-03,-1.774193495512008667e-01,-3.040442988276481628e-02,4.046803340315818787e-02
-7.210511714220046997e-02,-4.485981538891792297e-02,-3.543180972337722778e-02,-3.474671021103858948e-02
-7.433515787124633789e-02,9.155646548606455326e-04,9.715484082698822021e-02,-1.903080046176910400e-01
-9.846396744251251221e-02,-1.065262556076049805e-01,-9.056769311428070068e-02,1.607438921928405762e-01
-9.627914428710937500e-02,6.371526420116424561e-02,-1.881136558949947357e-02,-7.910828292369842529e-02
-1.701986044645309448e-01,-3.710681945085525513e-02,-1.819888502359390259e-01,8.775690197944641113e-02
2.125895395874977112e-02,2.373885065317153931e-01,8.238720148801803589e-02,-1.602144986391067505e-01
1.993610337376594543e-02,1.894385963678359985e-01,-1.418931931257247925e-01,7.202169299125671387e-02
-9.417407959699630737e-02,-6.265810877084732056e-02,-1.151258870959281921e-01,-3.235354647040367126e-02
-8.765318244695663452e-02,-1.192002594470977783e-01,-3.388621658086776733e-02,-1.062104851007461548e-01
-8.600457012653350830e-02,1.686008274555206299e-02,-5.691479891538619995e-02,1.165422704070806503e-02
-2.703821286559104919e-02,5.489556863903999329e-02,9.904485195875167847e-02,-1.841022819280624390e-01
-1.721543967723846436e-01,-1.082376465201377869e-01,-9.088736772537231445e-02,6.264038383960723877e-02
-3.731890767812728882e-02,-5.309930816292762756e-02,-2.330831065773963928e-02,1.443430595099925995e-02
2.658265084028244019e-02,2.156953513622283936e-02,-7.137983292341232300e-02,1.256906241178512573e-01
1.019059419631958008e-01,-4.097231198102235794e-03,1.450507491827011108e-01,8.110573887825012207e-02
-9.328396618366241455e-02,-7.655283063650131226e-02,-2.113950811326503754e-02,-5.443893000483512878e-02
-8.253321796655654907e-02,7.821033149957656860e-02,3.234092146158218384e-02,4.003037139773368835e-02
-1.223238334059715271e-01,-9.360951185226440430e-02,-2.470418252050876617e-02,5.945892259478569031e-02
-5.712018907070159912e-02,-1.463706791400909424e-02,-7.889588177204132080e-02,-4.730996210128068924e-03
4.021525010466575623e-02,1.067406684160232544e-02,3.301920741796493530e-02,-8.571042120456695557e-02
-1.897825896739959717e-01,6.703349761664867401e-03,2.012362778186798096e-01,-1.972927711904048920e-03
-7.577172666788101196e-02,-5.250667408108711243e-02,8.382443338632583618e-02,-3.860419674310833216e-04
-3.289099335670471191e-01,8.545379340648651123e-02,-8.728212863206863403e-02,9.283090382814407349e-02
-2.240976132452487946e-02,1.092325225472450256e-01,-7.532043009996414185e-02,-1.053320541977882385e-01
-7.973761856555938721e-02,-9.281367808580398560e-02,-1.079783588647842407e-02,-1.479904353618621826e-01
-7.783900201320648193e-02,-2.574110217392444611e-02,1.297872420400381088e-02,-1.164586395025253296e-01
-9.607622772455215454e-02,1.713703572750091553e-01,1.914838212542235851e-03,5.497765541076660156e-02
-1.854644566774368286e-01,-8.856656029820442200e-03,1.530965417623519897e-02,3.186813369393348694e-02
-7.356406748294830322e-02,-1.743229851126670837e-02,1.814951561391353607e-02,3.093483299016952515e-02
-2.912069261074066162e-01,-2.243357338011264801e-02,-4.003805667161941528e-02,3.855887800455093384e-02
-2.007257193326950073e-02,2.388173192739486694e-01,-2.297663688659667969e-02,-4.568309709429740906e-02
-2.179684042930603027e-01,1.144361030310392380e-02,-1.831874018535017967e-03,2.396663278341293335e-02
-4.658805951476097107e-02,1.530747744254767895e-03,3.482642024755477905e-02,7.436810433864593506e-02
-1.527853012084960938e-01,-2.643562294542789459e-02,-1.146516799926757812e-01,2.848573774099349976e-02
-1.520200222730636597e-01,-4.995150491595268250e-02,7.941202260553836823e-03,-8.301361650228500366e-02
2.904558368027210236e-02,-7.512532640248537064e-03,-3.454475849866867065e-02,9.077188372611999512e-02
-1.218594238162040710e-01,6.936138868331909180e-02,-2.119074948132038116e-02,-4.529032111167907715e-02
-1.060289368033409119e-01,-6.484894454479217529e-02,-7.700843364000320435e-02,9.570796042680740356e-02
-4.312469437718391418e-02,-8.483604341745376587e-02,5.979960039258003235e-02,6.288838386535644531e-02
-9.528636187314987183e-02,8.391999453306198120e-02,-3.465992584824562073e-02,9.723859257064759731e-04
-1.625878154300153255e-03,-5.759834498167037964e-02,-1.431496068835258484e-02,7.034036517143249512e-02
-7.594361156225204468e-02,8.367559872567653656e-03,-9.982257150113582611e-03,4.932754486799240112e-02
-1.607338190078735352e-01,2.357024401426315308e-01,9.135521948337554932e-02,7.100375834852457047e-03
-5.795677378773689270e-02,9.150073677301406860e-02,-6.058038771152496338e-02,-1.973569393157958984e-01
-2.099980227649211884e-02,-1.431166380643844604e-01,3.099751845002174377e-02,6.129193585366010666e-03
5.272021051496267319e-03,-4.556907340884208679e-02,-1.391519010066986084e-01,8.314453065395355225e-02
-7.701205462217330933e-02,3.644054755568504333e-02,1.599104702472686768e-02,5.545666906982660294e-03
3.338735084980726242e-03,-2.921048365533351898e-02,1.064868196845054626e-01,-2.381023578345775604e-02
-7.973682880401611328e-02,6.104876846075057983e-02,-1.154761984944343567e-01,-7.573179900646209717e-02
-1.301758885383605957e-01,-4.598768055438995361e-02,1.428465992212295532e-01,-4.235326871275901794e-02
-7.353488355875015259e-02,-1.148515716195106506e-01,-8.574467897415161133e-02,-7.135906815528869629e-02
-4.782652854919433594e-02,7.278125733137130737e-02,1.999589800834655762e-02,4.997697193175554276e-03
-1.678588837385177612e-01,1.460027322173118591e-02,-1.656955108046531677e-02,-1.563481055200099945e-02
-1.914736926555633545e-01,-1.314768344163894653e-01,-5.903812870383262634e-02,-4.527509957551956177e-02
-1.103862076997756958e-01,-1.925532668828964233e-01,9.428303688764572144e-03,2.020659595727920532e-01
-1.023154333233833313e-01,1.812492758035659790e-01,-5.464333668351173401e-02,-1.695871651172637939e-01
1.161088496446609497e-01,-2.207818441092967987e-02,4.648612067103385925e-02,7.239849306643009186e-03
-7.057312130928039551e-02,2.303150296211242676e-02,3.295912593603134155e-02,1.275056507438421249e-02
-5.462286248803138733e-02,1.011810228228569031e-01,-3.050215728580951691e-02,-1.620863098651170731e-03
-9.594105184078216553e-02,-6.220202427357435226e-03,1.588405668735504150e-02,-3.733364120125770569e-02
1.210167538374662399e-02,1.032729670405387878e-01,5.851111561059951782e-02,1.144908089190721512e-02
-1.680853217840194702e-01,-5.941965058445930481e-02,1.065087839961051941e-01,-8.157805353403091431e-02
-3.840050846338272095e-02,2.124560810625553131e-02,-1.098623052239418030e-01,-9.204190969467163086e-02
4.352995194494724274e-03,-1.223586648702621460e-01,1.535666584968566895e-01,1.837284862995147705e-02
-8.258320391178131104e-02,-6.429387629032135010e-02,1.785766892135143280e-02,9.229916334152221680e-02
2.988770045340061188e-02,7.348919659852981567e-02,5.713518336415290833e-02,1.169968172907829285e-01
4.021628573536872864e-02,2.866137772798538208e-02,-4.533676803112030029e-02,-1.328691840171813965e-01
5.429486185312271118e-02,-7.537166588008403778e-03,6.760398298501968384e-02,4.430321045219898224e-03
2.212524227797985077e-02,-3.477070108056068420e-02,-1.819207705557346344e-02,-1.426820084452629089e-02
4.100724309682846069e-02,-8.640030026435852051e-02,-2.012413367629051208e-02,-9.104813635349273682e-02
9.928489476442337036e-02,4.126441478729248047e-02,-1.270943135023117065e-01,-1.747420616447925568e-02
7.337238639593124390e-02,3.763722628355026245e-02,-1.084206923842430115e-01,-2.348385751247406006e-02
4.079240933060646057e-02,-1.531389504671096802e-01,2.379158511757850647e-02,5.280685052275657654e-02
3.528368100523948669e-02,-1.012169346213340759e-01,5.931734293699264526e-02,2.988406631629914045e-04
4.411017522215843201e-02,5.096186324954032898e-02,-3.189229220151901245e-02,1.318595707416534424e-01
6.157217919826507568e-02,-3.025754913687705994e-02,-1.238130927085876465e-01,-1.697098463773727417e-02
8.776652067899703979e-02,8.269982784986495972e-02,4.087533056735992432e-02,1.328990757465362549e-01
1.193875819444656372e-02,-9.524310380220413208e-02,5.826365202665328979e-03,-4.983836319297552109e-03
2.281867153942584991e-02,-4.047962650656700134e-02,3.590163588523864746e-02,4.103412851691246033e-02
6.826467812061309814e-02,-1.107209846377372742e-01,5.893279984593391418e-02,-8.022666722536087036e-02
2.734394185245037079e-02,2.742915600538253784e-02,7.273590564727783203e-02,-1.539494190365076065e-02
1.494905352592468262e-02,4.482131823897361755e-02,1.831590756773948669e-02,-1.019459888339042664e-01
9.830100461840629578e-03,1.883213222026824951e-01,1.866893097758293152e-02,-1.201615631580352783e-01
5.778067931532859802e-02,3.754493966698646545e-02,-7.504513859748840332e-02,-5.242348462343215942e-02
5.255714058876037598e-02,1.606206595897674561e-02,-4.012876749038696289e-02,2.620893530547618866e-02
4.004794359207153320e-02,-1.415398269891738892e-01,7.991149276494979858e-02,7.887930609285831451e-03
5.136274546384811401e-02,-4.802152141928672791e-02,-1.400430407375097275e-02,2.185752987861633301e-02
-1.451361738145351410e-02,-7.353623956441879272e-02,4.371386021375656128e-02,-1.129070762544870377e-02
6.705856323242187500e-02,8.723602443933486938e-02,6.653396040201187134e-02,-1.100768372416496277e-01
-5.939111579209566116e-04,-1.342937648296356201e-01,-1.339411176741123199e-02,3.177368268370628357e-02
5.372823402285575867e-02,1.409170031547546387e-01,3.200070187449455261e-02,-2.462388202548027039e-02
-9.181601926684379578e-04,1.020357459783554077e-01,5.514018237590789795e-03,3.899244219064712524e-02
1.709527708590030670e-02,2.955448627471923828e-02,-9.024948626756668091e-02,9.080646187067031860e-02
-3.383447183296084404e-03,-3.884388878941535950e-02,8.299769461154937744e-02,-7.380013167858123779e-02
4.252338036894798279e-02,-1.154727339744567871e-01,-4.741617292165756226e-02,-4.917949065566062927e-02
3.316986560821533203e-02,-1.543436781503260136e-03,1.929578557610511780e-02,-9.120431542396545410e-02
3.685671836137771606e-02,5.857395380735397339e-02,-1.165503263473510742e-02,-1.117670312523841858e-01
6.677079014480113983e-03,-1.330856829881668091e-01,-4.645853769034147263e-03,4.934567958116531372e-02
5.679043382406234741e-02,2.749186381697654724e-02,5.526550114154815674e-03,2.253641746938228607e-02
2.347630262374877930e-02,2.168655581772327423e-02,4.073311015963554382e-02,2.702204510569572449e-02
4.272802919149398804e-02,5.187597125768661499e-02,-4.382323473691940308e-02,-7.670977711677551270e-02
3.380300477147102356e-02,-5.641752853989601135e-02,2.661494351923465729e-02,-3.250514343380928040e-02
1.928677037358283997e-02,-4.384976625442504883e-02,1.364870369434356689e-01,1.659738272428512573e-02
7.589708268642425537e-02,1.407058835029602051e-01,3.354720398783683777e-02,5.929841473698616028e-02
1.591468602418899536e-02,-8.095932006835937500e-02,-6.322366744279861450e-02,-1.439130753278732300e-01
8.190634846687316895e-02,9.177913516759872437e-02,1.001215539872646332e-03,-1.156783774495124817e-01
5.008008331060409546e-02,-1.647345572710037231e-01,2.732422389090061188e-02,4.193614795804023743e-02
6.540116667747497559e-02,3.995440434664487839e-03,-3.761861845850944519e-02,-2.613340318202972412e-02
8.396229147911071777e-02,3.150584176182746887e-02,1.957258395850658417e-02,-2.094818465411663055e-02
2.935296855866909027e-02,-4.147617146372795105e-02,-5.663535743951797485e-02,3.508710488677024841e-02
2.404777333140373230e-02,-3.394635021686553955e-02,5.641695857048034668e-02,6.790233892388641834e-04
-3.748765587806701660e-02,5.910633504390716553e-02,3.257147967815399170e-02,-9.291461855173110962e-02
9.051220864057540894e-02,6.018457934260368347e-02,-1.065978705883026123e-01,-1.131436899304389954e-01
5.780790373682975769e-02,4.723520949482917786e-02,-1.199689805507659912e-01,1.356101687997579575e-02
3.593902289867401123e-02,-7.336588110774755478e-03,1.144598796963691711e-01,-8.623211830854415894e-02
2.349231159314513206e-03,3.958955407142639160e-03,-3.533342853188514709e-02,3.346706181764602661e-02
1.913755759596824646e-02,6.466200202703475952e-02,-4.058483242988586426e-02,-6.945340335369110107e-02
-2.165308780968189240e-02,-7.166053354740142822e-02,-1.002048105001449585e-01,-2.186375670135021210e-02
2.870957553386688232e-02,-8.436392247676849365e-02,4.553089849650859833e-03,6.215330958366394043e-02
3.868278115987777710e-02,-1.987996138632297516e-02,-9.707024693489074707e-02,4.046692699193954468e-02
5.087714269757270813e-02,1.218153014779090881e-01,-9.780655801296234131e-02,-8.652864396572113037e-02
6.233484297990798950e-02,3.753928840160369873e-02,-1.075289919972419739e-01,4.949616640806198120e-02
3.860965371131896973e-02,-1.966591551899909973e-02,1.847612112760543823e-01,-1.588575541973114014e-01
4.473797231912612915e-02,3.647126629948616028e-02,-1.015399619936943054e-01,3.276627883315086365e-02
-5.098049878142774105e-04,-2.114059589803218842e-02,-1.843529753386974335e-02,-1.696588993072509766e-01
4.000586643815040588e-02,6.708394736051559448e-02,-1.501521840691566467e-02,5.225611850619316101e-02
-1.686988025903701782e-02,-7.853095978498458862e-02,-7.217834889888763428e-02,-2.912262640893459320e-02
3.333025425672531128e-02,1.601264923810958862e-01,-1.009562313556671143e-01,-5.503279715776443481e-02
6.387417763471603394e-02,1.974025554955005646e-02,-1.324449926614761353e-01,-2.243052935227751732e-03
7.931780815124511719e-02,1.736108446493744850e-03,8.327899128198623657e-02,-1.191645115613937378e-01
5.150242149829864502e-02,-5.638125352561473846e-03,5.388588085770606995e-02,-9.087866544723510742e-02
5.310727655887603760e-02,-4.707010090351104736e-02,-4.046074673533439636e-02,-2.158829756081104279e-02
-4.098379518836736679e-03,-7.783257961273193359e-02,1.067259907722473145e-01,-9.683355689048767090e-02
1.642205403186380863e-03,-3.319931402802467346e-02,-4.960033297538757324e-02,-7.082024216651916504e-02
2.019257470965385437e-02,-3.489552438259124756e-02,-8.711063303053379059e-03,-4.638820420950651169e-03
2.225339412689208984e-02,-6.202914938330650330e-02,-7.537221908569335938e-02,-4.045959096401929855e-03
1.975498162209987640e-02,-8.736793696880340576e-02,-4.781069699674844742e-03,-4.900401085615158081e-02
-4.115908406674861908e-03,-1.911404915153980255e-02,5.887122452259063721e-02,-1.804998144507408142e-02
-3.764751181006431580e-02,-4.061016812920570374e-02,7.392925769090652466e-02,-3.504108265042304993e-02
-3.323019482195377350e-03,-4.413074254989624023e-02,-3.635926870629191399e-03,1.982087828218936920e-02
6.838931236416101456e-03,3.718226775527000427e-02,1.018952950835227966e-01,4.532742127776145935e-02
-2.760506793856620789e-02,-9.872256219387054443e-02,1.175556629896163940e-01,-8.484332263469696045e-02
2.022647485136985779e-02,-1.376273036003112793e-01,7.677861489355564117e-03,8.479343354701995850e-02
4.587616026401519775e-02,-2.407008409500122070e-02,1.095634978264570236e-02,-2.123756147921085358e-02
6.451152265071868896e-02,-6.859299540519714355e-02,-4.476573690772056580e-02,1.938864961266517639e-02
-2.412396669387817383e-02,-1.555758807808160782e-02,-6.489168852567672729e-02,-2.673653140664100647e-02
-6.706965505145490170e-04,-5.200961604714393616e-02,-1.341921836137771606e-01,-3.751319646835327148e-02
2.217145822942256927e-02,-1.950221508741378784e-02,6.734158843755722046e-02,-3.789560496807098389e-02
6.715832650661468506e-02,-1.592120379209518433e-01,7.532317191362380981e-03,1.036302223801612854e-01
1.016296446323394775e-01,3.418264538049697876e-02,-1.749933063983917236e-01,1.604118198156356812e-01
2.387498691678047180e-02,-7.957203686237335205e-02,-4.572098609060049057e-03,2.939055775641463697e-05
1.179683487862348557e-02,-2.870940044522285461e-02,9.643319994211196899e-03,-2.154925651848316193e-02
9.554195404052734375e-02,3.637704253196716309e-02,-6.257749348878860474e-02,3.907700534909963608e-03
8.280943334102630615e-02,-4.632484633475542068e-03,-1.694188117980957031e-01,6.598519533872604370e-02
6.605403870344161987e-02,-3.049134649336338043e-02,1.018804460763931274e-01,-4.279932938516139984e-03
1.744874403811991215e-03,-1.082007493823766708e-02,-1.050577089190483093e-01,-1.119338721036911011e-02
-1.657287590205669403e-03,6.026814877986907959e-02,-6.334549188613891602e-02,1.412558718584477901e-03
4.127319529652595520e-02,7.169392704963684082e-02,1.242464780807495117e-01,5.102720484137535095e-02
2.640104293823242188e-02,-4.768465831875801086e-02,2.373987995088100433e-02,-2.378021599724888802e-03
-1.784025458618998528e-03,-3.901351941749453545e-03,-7.102683931589126587e-02,1.262286957353353500e-02
5.789894238114356995e-02,-3.433987125754356384e-02,-7.226362824440002441e-02,-3.777312487363815308e-02
3.205658495426177979e-02,-8.132383972406387329e-02,6.130799278616905212e-02,-2.152877114713191986e-02
7.672540843486785889e-02,-6.460946798324584961e-02,3.942299634218215942e-02,1.712210178375244141e-01
3.582679433748126030e-03,-6.778261810541152954e-02,-1.368325799703598022e-01,-8.542279154062271118e-02
-3.898405237123370171e-03,7.861713320016860962e-02,-9.561233967542648315e-02,4.247298836708068848e-02
1.587141007184982300e-01,2.075222320854663849e-02,3.970657289028167725e-02,2.430955180898308754e-03
9.102572500705718994e-02,-2.693915273994207382e-03,-3.774770349264144897e-02,1.620006561279296875e-01
1.097379475831985474e-01,1.640580743551254272e-01,-3.046390973031520844e-02,1.058475524187088013e-01
6.081470102071762085e-02,-1.284941844642162323e-02,5.033990740776062012e-02,-1.351738423109054565e-01
-2.280153892934322357e-02,1.275871545076370239e-01,2.565759047865867615e-02,9.462172538042068481e-02
1.264633536338806152e-01,6.316365208476781845e-03,-1.190944667905569077e-02,1.294231507927179337e-02
2.654279582202434540e-02,5.888631939888000488e-02,4.717524722218513489e-02,-1.576525866985321045e-01
3.508154302835464478e-03,4.238190501928329468e-02,-7.813242822885513306e-02,-8.659161627292633057e-02
-2.896017208695411682e-02,2.076532319188117981e-02,-2.280289866030216217e-02,2.032607607543468475e-02
7.534354180097579956e-02,-3.208678588271141052e-02,9.099930524826049805e-03,6.649664789438247681e-02
9.860575199127197266e-02,-1.534039620310068130e-02,8.154466003179550171e-02,-4.936113208532333374e-02
3.161605075001716614e-02,1.297644674777984619e-01,3.711964935064315796e-02,5.905186291784048080e-03
-4.805522412061691284e-02,-1.379851847887039185e-01,2.624679170548915863e-02,-4.105329513549804688e-02
6.946559250354766846e-02,6.927393376827239990e-03,3.037970699369907379e-02,-2.904711663722991943e-02
5.635830387473106384e-02,6.109526846557855606e-03,3.773756092414259911e-03,1.517045195214450359e-03
7.081996649503707886e-02,-5.351464264094829559e-03,-4.730779305100440979e-02,-5.673104152083396912e-02
-1.788442209362983704e-02,-5.517901107668876648e-02,-2.828966593369841576e-03,5.294796079397201538e-02
2.365543507039546967e-03,-1.516648679971694946e-01,2.716543525457382202e-02,-2.886313945055007935e-03
2.892740443348884583e-02,1.321738809347152710e-01,1.959096454083919525e-02,3.087711893022060394e-02
4.906438291072845459e-02,1.426534145139157772e-04,-1.133099198341369629e-01,-9.629134088754653931e-02
3.414682671427726746e-02,-2.085510268807411194e-02,2.040819264948368073e-02,2.184984460473060608e-02
5.718632042407989502e-02,-6.667615473270416260e-02,1.672342047095298767e-02,-3.847306361421942711e-03
1.055114269256591797e-01,1.640329360961914062e-01,1.044967100024223328e-01,1.024954020977020264e-01
-5.496807862073183060e-04,-2.636475861072540283e-02,-1.434024572372436523e-01,-4.522619768977165222e-02
1.548933424055576324e-02,1.151372119784355164e-01,2.682952769100666046e-02,-1.355488449335098267e-01
8.129868656396865845e-03,-5.177639052271842957e-02,1.548470743000507355e-02,-1.020567268133163452e-01
8.285332471132278442e-02,-8.758991211652755737e-02,3.913762420415878296e-02,-1.162202935665845871e-02
2.067294716835021973e-02,-9.069541841745376587e-02,-5.454597994685173035e-02,3.042077645659446716e-02
-7.437577098608016968e-02,2.097875066101551056e-02,-7.781665772199630737e-02,5.285308137536048889e-02
2.385295741260051727e-02,-1.196796521544456482e-01,-1.209477856755256653e-01,4.313854128122329712e-02
1.517945347586646676e-04,8.968449197709560394e-03,7.760526984930038452e-02,1.911494322121143341e-02
5.198054388165473938e-02,4.082993417978286743e-02,-2.578127570450305939e-02,-1.414443738758563995e-02
-2.726797387003898621e-02,9.574192017316818237e-02,1.874592602252960205e-01,-1.126660499721765518e-02
5.659984797239303589e-02,-4.848557710647583008e-02,-2.674745861440896988e-03,5.496842786669731140e-02
2.482497505843639374e-02,-8.942274376749992371e-03,3.141252696514129639e-02,8.010254800319671631e-02
4.647481068968772888e-02,9.843844920396804810e-02,7.587523013353347778e-02,-1.288973242044448853e-01
-5.823669210076332092e-02,8.760515600442886353e-02,-5.068027228116989136e-02,-9.946356713771820068e-02
5.996917188167572021e-02,-5.997423082590103149e-02,3.149916010443121195e-04,-1.283938139677047729e-01
1.067019999027252197e-01,-3.513265401124954224e-02,-1.307309255935251713e-03,-6.332961469888687134e-02
6.067680194973945618e-02,-7.313627284020185471e-03,3.288400173187255859e-02,4.470471665263175964e-02
9.353127330541610718e-02,-4.209447186440229416e-03,1.029264479875564575e-01,3.965593129396438599e-02
4.185396805405616760e-02,-9.236535429954528809e-02,6.814229488372802734e-02,-7.438905537128448486e-03
-5.558194592595100403e-03,-6.206358596682548523e-02,4.951984435319900513e-02,-1.128990016877651215e-02
-2.175489068031311035e-02,-6.694352626800537109e-02,-1.113357096910476685e-01,7.938358932733535767e-02
-2.202409878373146057e-02,3.596656769514083862e-02,3.233543038368225098e-02,-7.460445910692214966e-02
1.773697510361671448e-02,8.162193745374679565e-02,1.231501111760735512e-03,-5.806590896099805832e-03
8.018474280834197998e-02,-2.528562769293785095e-02,-3.867592290043830872e-02,5.141359567642211914e-02
3.269903734326362610e-02,-1.241295039653778076e-02,-3.431209176778793335e-02,-4.244894534349441528e-02
1.057571768760681152e-01,-5.241667851805686951e-02,5.755319818854331970e-02,-1.216617878526449203e-02
7.059782743453979492e-02,-6.183191435411572456e-04,-2.535308711230754852e-02,3.505130065605044365e-03
6.449209153652191162e-02,-6.209780275821685791e-02,-7.688745856285095215e-02,-7.302167266607284546e-02
1.136337593197822571e-01,1.146649569272994995e-01,-2.452451735734939575e-02,4.982723668217658997e-02
1.186048835515975952e-01,1.350526511669158936e-01,-3.170706913806498051e-04,4.138075187802314758e-02
-1.134035140275955200e-01,9.818627499043941498e-03,-5.936357378959655762e-02,-7.412125915288925171e-02
2.982881292700767517e-02,-1.611198335886001587e-01,-9.547390788793563843e-02,7.718558609485626221e-02
1.489076949656009674e-02,-5.511376634240150452e-02,2.660963311791419983e-02,7.311207801103591919e-02
-2.986576640978455544e-03,-7.555591315031051636e-02,-1.002768892794847488e-02,1.581239886581897736e-02
1.458459161221981049e-02,1.090862825512886047e-01,-1.659229211509227753e-02,2.042104676365852356e-02
4.791850969195365906e-02,-1.101884171366691589e-01,-5.039153248071670532e-02,6.272166967391967773e-02
5.335123091936111450e-02,-4.790208116173744202e-02,-6.174373906105756760e-03,-6.661883741617202759e-02
3.288891911506652832e-02,-1.738586090505123138e-02,2.111138403415679932e-02,-5.220065638422966003e-02
6.362779438495635986e-02,-5.577863380312919617e-02,1.957040838897228241e-02,-1.013109213090501726e-04
9.982857853174209595e-03,1.427453458309173584e-01,-1.457790099084377289e-02,-8.341898769140243530e-02
2.116820402443408966e-02,3.043095953762531281e-02,-4.024191200733184814e-02,6.694119423627853394e-03
3.297985717654228210e-02,-7.798555493354797363e-02,-4.769300669431686401e-02,4.245944321155548096e-02
-4.656237084418535233e-03,-9.021942317485809326e-02,6.968460977077484131e-03,1.531994193792343140e-01
7.391363382339477539e-02,5.484333261847496033e-02,3.219782561063766479e-02,-2.367957681417465210e-02
4.988741502165794373e-02,-1.100744009017944336e-01,1.020395383238792419e-02,-8.051204681396484375e-02
2.267924696207046509e-02,2.565330266952514648e-02,-5.359969660639762878e-02,-1.351395696401596069e-01
3.345596790313720703e-02,-5.788080766797065735e-02,-5.699210613965988159e-02,4.681108891963958740e-02
8.512467890977859497e-02,-7.121750712394714355e-02,9.371637552976608276e-02,-2.730647684074938297e-04
1.256834566593170166e-01,-1.766073256731033325e-01,-1.544682681560516357e-01,-4.532309994101524353e-02
6.078859046101570129e-02,-5.261616036295890808e-02,2.313057519495487213e-02,9.739243239164352417e-02
4.526329413056373596e-02,-9.844090789556503296e-03,5.059313401579856873e-02,-1.131483539938926697e-01
4.529537167400121689e-03,5.427531525492668152e-02,9.237137436866760254e-02,-6.829541921615600586e-02
1.929162070155143738e-02,1.478350721299648285e-02,7.958488538861274719e-03,-2.517428994178771973e-02
8.530203253030776978e-02,-2.609465271234512329e-02,-1.220715120434761047e-01,6.235778704285621643e-02
1.163791343569755554e-01,3.270668536424636841e-02,-6.520283222198486328e-02,2.284327894449234009e-01
5.059673264622688293e-02,-2.060730941593647003e-02,-1.188624203205108643e-01,8.413583971560001373e-03
3.142812103033065796e-02,1.561806257814168930e-02,3.512866795063018799e-02,6.610369682312011719e-02
7.355505228042602539e-02,2.949271909892559052e-02,-6.574703007936477661e-02,-4.147643223404884338e-02
1.094573065638542175e-01,-1.182903349399566650e-02,-1.063630431890487671e-01,-7.048276066780090332e-02
1.098568737506866455e-01,6.657111458480358124e-03,-1.110234018415212631e-02,-2.328890189528465271e-02
